"id","preference","Age_1","Age_2","Age_3","min_viewed_1","min_viewed_2","min_viewed_3","rec_syst_2"
1,"Romance",22.1,23.1,24.1,43.5873344074145,64.6033750087061,92.9335841149422,0
2,"Comedy",15.7,16.7,17.7,55.999069819151,81.7287514963032,82.1448659402105,0
3,"SciFi",20.6,21.6,22.6,50.9502346170782,84.2141612894669,104.952086149573,0
4,"Action",19.7,20.7,21.7,61.5053960219056,86.6169349261034,70.9895032422257,0
5,"Romance",17.3,18.3,19.3,64.7993104375173,73.6769020407379,80.311143666804,1
6,"Comedy",9.9,10.9,11.9,61.4952805644008,70.4567103354575,86.934963912787,0
7,"Action",17.1,18.1,19.1,60.7963201087375,68.0640264383344,88.5300444593383,0
8,"Action",15.9,16.9,17.9,67.681286231774,84.3248657967431,89.5594789032748,0
9,"SciFi",20.5,21.5,22.5,56.2048928199013,80.7767915496043,91.5449396272012,0
10,"Drama",18.1,19.1,20.1,33.9427403596318,69.2688486801557,90.1283076523634,0
11,"Comedy",18.4,19.4,20.4,72.183644461094,69.8530350492528,65.2813826460052,0
12,"SciFi",17.1,18.1,19.1,59.7054570269449,63.6270234964013,98.0052596199113,0
13,"Drama",19.1,20.1,21.1,68.3265768052335,93.0448086485245,88.6543938104121,1
14,"Action",19.1,20.1,21.1,66.3574040323088,80.5388660329751,96.2468808213006,1
15,"Action",9.8,10.8,11.8,59.0743448804064,79.4119918082128,79.83750490191,0
16,"Romance",25.4,26.4,27.4,67.9108529474876,90.5511370709667,97.8732435861087,0
17,"Action",22.5,23.5,24.5,48.265678501672,80.3625803968329,81.5545763887212,0
18,"Comedy",20.9,21.9,22.9,65.8779312749955,71.4729179997596,81.6512172671248,0
19,"Drama",16.8,17.8,18.8,73.5445598185055,71.1044637746796,90.0032033523279,0
20,"SciFi",22.8,23.8,24.8,76.4491830698296,68.1029019875825,108.261640282095,1
21,"SciFi",18.7,19.7,20.7,56.2094955357012,67.320090419345,77.516428505017,0
22,"Comedy",19.3,20.3,21.3,58.028911840304,79.6337226055617,93.7857346235907,0
23,"Drama",14.4,15.4,16.4,71.3997708699899,85.3590979226666,77.4740845466137,0
24,"Action",25.9,26.9,27.9,55.8719112502457,68.0073900991798,89.430084617393,0
25,"Comedy",20.2,21.2,22.2,66.4581372133063,95.9388162442418,84.3892472628217,0
26,"Drama",27.6,28.6,29.6,59.0061902191473,82.9677367776443,95.813171256592,0
27,"Comedy",26.9,27.9,28.9,54.5071589790736,101.10122933275,98.5366828184806,0
28,"Comedy",20.2,21.2,22.2,61.5915835457771,87.3660103190308,98.2840139726408,0
29,"Action",22.6,23.6,24.6,59.6071796784325,77.9920734077713,86.4407107049567,1
30,"SciFi",26.9,27.9,28.9,57.1758223998896,88.2625250883688,86.0078741691364,0
31,"Comedy",17.9,18.9,19.9,55.0297317215306,81.1208800776515,80.2454914692361,0
32,"Action",20.7,21.7,22.7,68.0512452514744,86.4517901667556,78.4360327095166,0
33,"Action",19,20,21,78.7587238407548,97.7519999123317,80.3629835893091,0
34,"Action",21.3,22.3,23.3,57.1246703233249,93.7559203640419,83.7701841551687,1
35,"Action",20.7,21.7,22.7,49.1828014755317,76.524033372269,94.4180430703659,0
36,"Comedy",24.7,25.7,26.7,52.2110944557115,77.6965205201248,68.2967357536503,0
37,"Action",22.4,23.4,24.4,63.0950299749784,84.8490228776998,77.1435195288628,0
38,"Action",16.4,17.4,18.4,60.9771720824109,73.1868039204637,84.4399025548835,1
39,"Comedy",22.3,23.3,24.3,50.297419249363,91.4308751812524,96.3027734922884,0
40,"Action",16.7,17.7,18.7,63.1002979226378,88.6843687396822,69.319040421507,0
41,"Action",15.4,16.4,17.4,59.7706519331504,68.4381350582808,94.8989305918381,1
42,"SciFi",23.1,24.1,25.1,64.2883752665462,77.8641579685464,87.7015038989538,1
43,"Action",15.2,16.2,17.2,59.6379690777615,79.8811757503812,87.6819169494891,0
44,"Drama",21.2,22.2,23.2,46.4253237436295,86.3863786978527,86.1070258991982,1
45,"Comedy",16.7,17.7,18.7,74.6325694191762,93.1232599283828,85.6814057051954,0
46,"Action",25.7,26.7,27.7,74.9650653747843,97.211221750292,101.482144424659,1
47,"Drama",22.8,23.8,24.8,61.5547491921859,95.1142697486716,92.9069042050834,0
48,"SciFi",18.4,19.4,20.4,76.4517496806462,87.1872276181128,83.0902941611285,0
49,"Action",23.2,24.2,25.2,70.34728858306,82.5846561204754,77.6909642949968,1
50,"Action",21.7,22.7,23.7,51.0896711684601,75.1352344819078,93.058017138874,0
51,"Action",15.3,16.3,17.3,69.1679336542519,79.5905036940474,92.501134300166,1
52,"Action",19.2,20.2,21.2,49.8066749663039,91.0495116792547,70.832606429183,1
53,"Drama",16.3,17.3,18.3,57.4404277866006,100.074196342884,73.2926176827765,0
54,"Drama",21.8,22.8,23.8,65.9608747554543,93.705772249629,80.8503917549413,0
55,"SciFi",17.4,18.4,19.4,74.2559129955727,90.7372540050819,87.9227027457144,0
56,"Action",19.1,20.1,21.1,53.2859343211523,98.5046420950565,73.2946591723314,0
57,"Comedy",15.1,16.1,17.1,63.109693396368,78.4028895000485,86.1190443054716,0
58,"Romance",16.2,17.2,18.2,72.7577754995455,68.1259078225209,82.9806927493361,0
59,"Romance",20.5,21.5,22.5,61.4010840164862,57.8285279634798,87.1494775839771,0
60,"SciFi",16,17,18,42.8201829302603,69.790077919009,87.4760142728369,0
61,"Comedy",19.4,20.4,21.4,70.2760648633343,77.5824561407619,88.0801994444614,0
62,"Drama",20.7,21.7,22.7,67.2375726181449,77.8048391473967,87.6021620371598,0
63,"Action",19.2,20.2,21.2,70.3115235293419,78.5663367400555,99.8690027538007,0
64,"Comedy",18.8,19.8,20.8,60.4200488987066,75.5904409923495,88.7616466393441,0
65,"Drama",13.1,14.1,15.1,72.8627563638322,70.6555788567602,86.3000436583095,0
66,"Drama",18.9,19.9,20.9,62.6470918934008,91.5424931714961,70.3773889524133,0
67,"Action",12.8,13.8,14.8,61.1208154944468,73.313912204251,89.3183183761885,0
68,"Action",24.6,25.6,26.6,60.4007661694394,76.7902521542082,85.5872263636563,1
69,"SciFi",16,17,18,83.9023153424735,77.0155424605556,78.419077448467,0
70,"Drama",20.6,21.6,22.6,69.3276892644673,59.5205796738941,74.8548411984175,1
71,"Action",22.1,23.1,24.1,36.910473354026,74.6126381123366,86.6605201440082,0
72,"Action",20,21,22,56.4578975709037,85.1809747485189,104.822498796827,0
73,"Action",25.4,26.4,27.4,68.9073940161069,75.3609074857639,97.8033324752939,1
74,"Comedy",16.6,17.6,18.6,54.5606808332394,92.311632592831,86.9194367234152,0
75,"Romance",21.8,22.8,23.8,52.8032355310878,82.2148797314224,97.8607506734836,1
76,"SciFi",16.1,17.1,18.1,53.027740214886,58.6662370913331,86.5278204310559,1
77,"Action",28.5,29.5,30.5,64.9770111025568,92.8259989013497,92.8612471817065,0
78,"Action",22.8,23.8,24.8,55.8551380573148,98.9282181997893,78.0686221442381,0
79,"Drama",18.6,19.6,20.6,60.8328685865307,70.9147366358181,84.3607655231934,1
80,"Drama",23.1,24.1,25.1,59.8189368412794,69.2628527098976,91.9644862349958,0
81,"Comedy",15.4,16.4,17.4,59.255247899592,79.0583259783478,110.09520030631,1
82,"Comedy",26,27,28,56.0230175219931,80.6089807501525,76.35673622592,0
83,"Drama",15.4,16.4,17.4,52.8923195214922,73.8257645802162,84.8894955271574,0
84,"Action",13.8,14.8,15.8,75.997679434326,81.6632218590502,84.7670034403529,0
85,"Action",19.8,20.8,21.8,69.8554478439163,79.4741400909007,98.5303373726172,0
86,"Comedy",23.4,24.4,25.4,62.519694795689,85.7182653916751,90.2648897247725,1
87,"Comedy",20,21,22,62.3898961338957,85.1186672279572,81.5490528319857,0
88,"Romance",17,18,19,63.1372966224359,82.9393986417449,82.1075717219906,0
89,"Action",24.7,25.7,26.7,79.7054213552719,87.8465156864201,67.7887655886357,1
90,"Comedy",29.7,30.7,31.7,57.8692517860506,78.1619594253495,98.1553002819295,0
91,"Comedy",12.2,13.2,14.2,49.0792694664255,77.5753123661766,97.9086603176153,0
92,"Romance",25.9,26.9,27.9,62.0435810372976,93.7070215332329,81.4219421361714,0
93,"Comedy",18.1,19.1,20.1,66.5435142581362,91.8811399849783,98.677340733089,0
94,"SciFi",23.9,24.9,25.9,62.511904516764,68.8303580457512,91.1053241881089,0
95,"Action",12.7,13.7,14.7,56.4899839545353,85.7027872959515,70.8348091944998,0
96,"SciFi",19,20,21,69.5733490628952,70.9757715157882,61.6063298224464,0
97,"Action",16.2,17.2,18.2,76.0348356992181,79.1994478168426,89.9942061432727,0
98,"SciFi",18,19,20,61.4359402095347,89.7790483279244,78.2543104441023,1
99,"Drama",15.7,16.7,17.7,79.4139710817082,86.7849527961126,92.2238387390633,0
100,"Comedy",21.5,22.5,23.5,46.9984739474826,85.5626349053527,77.727328379958,0
101,"Romance",24.9,25.9,26.9,53.2619954305192,74.2899282403004,70.818602550544,0
102,"Drama",18,19,20,72.1867300140811,82.7238004997144,99.159157026884,0
103,"Comedy",19.1,20.1,21.1,55.2436656479072,50.9535400585054,83.9008556173083,1
104,"Comedy",15.6,16.6,17.6,72.3323870533848,83.8267460836893,81.6852598809999,0
105,"Action",24,25,26,54.5767415878568,81.2562399962642,80.5473810719173,0
106,"Comedy",22.2,23.2,24.2,73.3840162512602,97.6503053226073,93.7174136864744,0
107,"Drama",13.7,14.7,15.7,56.8843493616515,102.796906954621,97.3151213356421,0
108,"Action",25.9,26.9,27.9,60.9686064959916,80.3666191070126,94.319943932605,0
109,"SciFi",15.3,16.3,17.3,64.3370924916957,72.5874739798804,87.6629351645858,0
110,"Action",15.8,16.8,17.8,48.3474199052622,76.9395748459746,73.7271173671076,1
111,"Comedy",14.1,15.1,16.1,60.2838945164507,66.8519962509787,70.6853591468467,1
112,"Comedy",15.2,16.2,17.2,60.9774028713018,80.7094117592432,81.964015058893,1
113,"Action",18.6,19.6,20.6,73.3449091807718,81.9674376505205,101.576713363673,0
114,"SciFi",22.1,23.1,24.1,50.6206545286295,83.1158322687359,92.1284760966271,0
115,"Drama",17.2,18.2,19.2,73.6686601531964,81.1576469919227,95.7765107934373,0
116,"SciFi",19.2,20.2,21.2,60.0231276801844,82.5271020219403,86.1230226971015,0
117,"Comedy",18.9,19.9,20.9,57.26274044471,93.3218472224066,98.4508990080802,0
118,"SciFi",24.7,25.7,26.7,70.5027334286415,80.4527146588923,75.1436403261542,0
119,"Comedy",29.2,30.2,31.2,64.4913366262384,76.8590787862083,85.7039756499026,0
120,"Drama",15.7,16.7,17.7,69.6184114674907,89.6606708939105,101.340418991394,0
121,"SciFi",27.6,28.6,29.6,77.5632104554197,67.397829204611,74.6648414492625,1
122,"SciFi",28.5,29.5,30.5,60.8844453365411,78.9459574047044,101.115129685813,0
123,"SciFi",20.9,21.9,22.9,43.5208342101188,55.5824705564006,80.5986691082572,0
124,"Action",23.6,24.6,25.6,56.0723925524678,71.4524749759039,92.0370659500407,0
125,"Comedy",13,14,15,58.4899546560791,99.462099845255,88.102984221894,0
126,"Romance",21.9,22.9,23.9,61.9185889635786,94.7255017648055,100.604686166367,1
127,"Drama",17.8,18.8,19.8,45.3648784339592,88.6690076708862,95.3945701027025,1
128,"Drama",19.3,20.3,21.3,53.8804265642004,89.8834096848591,80.6760018217223,0
129,"Action",22.2,23.2,24.2,56.4248340379856,86.6078972679176,80.4647840358655,0
130,"Drama",24.1,25.1,26.1,59.0099066657071,64.4319076586967,81.5740848340863,0
131,"Comedy",19.8,20.8,21.8,54.645312112714,88.9389193708059,94.1055693230805,0
132,"SciFi",30.6,31.6,32.6,56.4150757841602,80.4807641866633,96.3726759532766,0
133,"SciFi",22.4,23.4,24.4,78.7865386775988,74.0657221956936,88.9152031165593,1
134,"Drama",19.2,20.2,21.2,59.1507551394474,90.3100085899979,86.9124107151235,0
135,"Comedy",21.8,22.8,23.8,48.1309261733736,78.3360597763078,89.1866459856795,1
136,"Action",19.6,20.6,21.6,50.2660192933199,76.472533506257,85.221660164974,0
137,"Drama",15.6,16.6,17.6,61.0317888295937,89.8570877886642,88.3592608540561,0
138,"Comedy",22,23,24,79.7558519802296,89.4829465306252,89.8713234919852,0
139,"Drama",23.8,24.8,25.8,67.278333637719,64.7940785324231,87.7571452288369,1
140,"Drama",21.5,22.5,23.5,48.2554659312711,74.8249666066023,82.9169247603266,0
141,"SciFi",21.5,22.5,23.5,60.5493126221672,68.7707250037158,69.374681816821,0
142,"Comedy",20.6,21.6,22.6,53.2923734552499,91.4586017812798,88.87105095274,0
143,"Comedy",23.4,24.4,25.4,49.7056372147722,94.0920523788888,91.8930168820014,0
144,"Action",14.9,15.9,16.9,61.6287177101829,67.2656884393687,102.637865724092,1
145,"Romance",24.6,25.6,26.6,85.6342956606954,86.4403362011413,86.5379637985089,0
146,"Comedy",16.4,17.4,18.4,74.9821618800674,81.0114897602734,77.0112931407523,0
147,"Romance",21.3,22.3,23.3,47.1127858603075,84.8286780631786,63.6532935038608,0
148,"Romance",23.1,24.1,25.1,65.1461235527408,78.8313649439019,84.7397981021138,0
149,"Action",20.9,21.9,22.9,67.1373243756321,83.4200062776101,62.2771313045393,0
150,"Comedy",13.8,14.8,15.8,69.7461154413794,82.5672294067954,75.740217353652,0
151,"Comedy",20.1,21.1,22.1,65.395891944311,63.7584450051586,60.5007665131641,0
152,"Drama",21.3,22.3,23.3,76.2232123799084,77.3274375061899,81.2323600101289,0
153,"Comedy",24,25,26,48.5029316334938,67.5447706678423,90.7381977290006,0
154,"Romance",22,23,24,69.0950188168506,68.4649962843913,89.7579161764156,0
155,"Comedy",22.3,23.3,24.3,57.6754576516659,74.9880520664038,78.9707364741335,1
156,"Action",24.6,25.6,26.6,56.1523565139464,65.7436892819231,84.1699586059476,0
157,"Drama",17.2,18.2,19.2,71.6412064201656,93.5004036002196,86.8884879631335,1
158,"Comedy",17.5,18.5,19.5,82.017046222807,84.8497610644557,93.3418832942196,0
159,"Romance",20,21,22,65.006642804585,80.2512387945013,80.4197401818474,0
160,"Comedy",21.4,22.4,23.4,68.8272593287676,86.4544294446544,97.972292080634,1
161,"Action",25.6,26.6,27.6,57.0066125327688,74.6224951280299,74.812417339368,0
162,"Action",16.5,17.5,18.5,63.3544984154517,86.3028198293435,88.3342408089027,0
163,"Comedy",16.5,17.5,18.5,47.0057455098334,87.8357812411758,78.7112536898418,0
164,"Drama",23.1,24.1,25.1,63.0364493250413,74.9415425377191,84.1704918151747,1
165,"Action",18.4,19.4,20.4,75.7720705381447,74.9840640024363,92.7315649180301,0
166,"Action",19.1,20.1,21.1,75.0463775869273,103.936283811758,106.954105167686,0
167,"SciFi",22.4,23.4,24.4,59.8879816875965,77.7317570645011,85.3664727885208,0
168,"Drama",17.5,18.5,19.5,62.335494977424,83.974281276984,92.2876099122813,0
169,"Comedy",17.1,18.1,19.1,46.8947596398401,86.5389024007854,99.6233004217124,1
170,"Comedy",19,20,21,40.1056899384107,75.2815396269981,76.4440647526639,0
171,"Action",18.4,19.4,20.4,66.9442265074365,67.3509621231846,68.117635607721,0
172,"Romance",17.3,18.3,19.3,52.9822022613391,67.7532382652008,85.3644527331727,0
173,"Comedy",23.5,24.5,25.5,62.033176482936,68.5716510034026,82.5442728152338,0
174,"Drama",18.1,19.1,20.1,67.2860620082717,71.5178994681987,83.4515362668523,0
175,"SciFi",20.3,21.3,22.3,75.5503164468872,102.098303672591,88.730277615703,0
176,"SciFi",20.5,21.5,22.5,73.9311803533042,79.3946281000513,70.281890023545,0
177,"Drama",12.6,13.6,14.6,70.2505401350833,78.3824287553858,98.8179089304702,0
178,"Comedy",21.4,22.4,23.4,57.6859843290729,81.1908641179869,82.4303661030348,0
179,"Action",26,27,28,72.2677264095918,70.6472182906234,91.9542956844346,0
180,"SciFi",19.9,20.9,21.9,52.3206719012071,70.2415351921381,74.9280179557105,0
181,"Comedy",16.9,17.9,18.9,51.8418854984824,75.6716488974835,94.3804415653011,1
182,"Action",25.2,26.2,27.2,48.8791065631318,66.0382848298149,78.6370515565906,0
183,"Drama",21,22,23,61.4301234198037,70.3021074286542,89.1381005162153,0
184,"Romance",24.1,25.1,26.1,67.2801041295205,60.4436216775482,87.2641732142226,0
185,"Comedy",20.9,21.9,22.9,72.1116385799835,65.5249862500647,84.4146303538427,0
186,"Action",22.5,23.5,24.5,71.4829343164493,88.9577175169658,83.0455689140709,0
187,"Comedy",25.8,26.8,27.8,62.965308785248,76.682577806504,85.8081133404827,1
188,"Comedy",22.6,23.6,24.6,57.920414071258,82.22609437656,87.2773912358324,1
189,"Romance",21.5,22.5,23.5,61.2502698318417,49.1754538065212,71.4205503654138,0
190,"Romance",17.3,18.3,19.3,66.3987032785205,75.2268024388069,87.2758782357804,1
191,"Romance",22.3,23.3,24.3,72.272362997472,92.6953289908576,88.2667275491411,0
192,"SciFi",18.3,19.3,20.3,54.3481822216032,68.633667309047,88.0430108774314,0
193,"SciFi",28.7,29.7,30.7,50.0991519596919,90.2482963199576,95.6453348811454,1
194,"Romance",21.4,22.4,23.4,41.5462787182316,72.1009106991993,76.7676361514445,0
195,"Drama",16.8,17.8,18.8,47.7367960744827,76.2866981953051,89.0565244677448,0
196,"SciFi",26.6,27.6,28.6,54.1188999644577,77.1781125227993,89.6515006756269,0
197,"Comedy",18.2,19.2,20.2,55.2831339983788,79.5968695167352,81.5792507927217,0
198,"Action",13.7,14.7,15.7,63.1711470052351,83.1236173865696,89.0533711655028,0
199,"Drama",15.8,16.8,17.8,52.4694926390073,68.1959621960726,81.513627430078,0
200,"Romance",20.2,21.2,22.2,58.1713501879377,82.2221407801509,83.6674194580414,0
201,"SciFi",18.3,19.3,20.3,50.6081487597728,63.9647712139197,80.9735852183558,1
202,"Action",21.8,22.8,23.8,49.9498008810782,86.1598999817989,82.1493236950203,1
203,"SciFi",19.1,20.1,21.1,57.6148007056502,91.674624478772,84.798635838215,0
204,"Drama",12.6,13.6,14.6,46.7537212271914,79.7390495333041,78.6640224267563,0
205,"Comedy",18.8,19.8,20.8,53.7515041767282,65.7965493328088,73.1143074605964,0
206,"SciFi",27.1,28.1,29.1,85.6568599473805,80.8756723755524,85.6337078718684,0
207,"Comedy",18.2,19.2,20.2,62.765609210498,61.715397775693,79.7672799609453,0
208,"Drama",17.6,18.6,19.6,54.6850852582483,88.5804593775459,95.3005425879607,0
209,"Comedy",19.5,20.5,21.5,60.4572867047643,75.2973554158042,89.8631762848291,1
210,"Comedy",26.6,27.6,28.6,68.256327920668,85.9618154578716,94.4880791517241,0
211,"Drama",16.5,17.5,18.5,63.8714102226816,76.8401368022631,78.9235502946871,0
212,"Drama",23.1,24.1,25.1,59.0556201581759,70.2673997325238,64.0754877445096,0
213,"Comedy",17.5,18.5,19.5,46.5803549480617,67.8769914627086,89.7463001725982,0
214,"Action",18.7,19.7,20.7,58.0965595165974,79.9635625864778,66.7131142859028,0
215,"SciFi",18.6,19.6,20.6,72.4292606273858,78.2352268005823,94.5038537376295,0
216,"SciFi",23.1,24.1,25.1,62.1786765162236,79.9706674770298,86.6881279788785,1
217,"Comedy",22.4,23.4,24.4,64.9649949303534,74.9042472145336,95.8007675545624,0
218,"Drama",24.3,25.3,26.3,61.9040026711759,77.1229530233137,90.45981705379,0
219,"Drama",24.3,25.3,26.3,67.1768438674748,98.2008994881196,85.6542539969151,1
220,"Action",28.6,29.6,30.6,80.0178600041352,86.412807473894,87.0662435687045,0
221,"Action",20.3,21.3,22.3,66.3445373814698,83.7232209884144,77.4816388692707,0
222,"Action",9.9,10.9,11.9,45.6364842079608,76.1043926530023,63.5620799763814,1
223,"Action",17.8,18.8,19.8,64.219730777565,82.9170091498303,97.4368126181071,0
224,"Romance",16.9,17.9,18.9,56.764951370575,87.8603256056793,86.1106728002621,0
225,"Romance",18.8,19.8,20.8,61.9974046428894,84.9431593467698,93.7229552788312,1
226,"Romance",24.6,25.6,26.6,54.8199861180881,61.3731609664466,63.8591042945095,0
227,"Action",17.7,18.7,19.7,73.3891557613809,91.4958033577985,92.2186968309509,0
228,"Drama",16.8,17.8,18.8,60.7445594171319,74.6627559194358,75.7313841015637,0
229,"Action",22,23,24,66.2934935786107,85.8971489420724,85.6270959361131,0
230,"Drama",22.8,23.8,24.8,56.7432592095679,74.3659020723859,71.7381421478384,0
231,"Action",19,20,21,85.5257484448172,77.2362173838135,86.8717704264832,0
232,"Comedy",21.6,22.6,23.6,59.6961626628641,73.9555163591358,82.803026471543,0
233,"SciFi",22,23,24,65.5786264403342,73.4808609152105,84.3048215214236,0
234,"Drama",21.5,22.5,23.5,57.7699130097113,77.1612310033056,117.120661351905,1
235,"Romance",17.7,18.7,19.7,55.8106633265915,75.389156367393,89.8665131680321,1
236,"Action",23,24,25,61.7040457117334,68.5346163543984,76.1589358621033,0
237,"Comedy",10.9,11.9,12.9,73.0198984668445,89.7634258472933,87.4775520818989,0
238,"Drama",22.5,23.5,24.5,76.7327898825306,91.1276127675036,73.2124811826645,0
239,"Drama",21.6,22.6,23.6,59.3783191046488,76.3208882823622,84.5008609702497,0
240,"Comedy",28.2,29.2,30.2,61.6285847216983,63.5324153274073,72.3381935839632,0
241,"Comedy",21.1,22.1,23.1,72.6338249703221,73.8004450142984,81.7257851108238,0
242,"Action",20.4,21.4,22.4,76.364887601455,90.1058668778491,97.9537944093915,0
243,"Romance",24.8,25.8,26.8,57.4205672700962,76.7839737258679,82.4065404573075,0
244,"Comedy",22.9,23.9,24.9,59.5529450984292,88.2224957445711,91.3203628120895,0
245,"Drama",20,21,22,72.7956249546084,77.6786388497676,85.9926329263679,0
246,"Comedy",19.9,20.9,21.9,64.748755108992,78.6236146438155,106.799725325498,0
247,"Romance",20.6,21.6,22.6,52.1178356181287,62.213063947904,93.0922387598759,0
248,"Drama",15.7,16.7,17.7,68.6196841399464,92.8938938259321,97.4264035814163,1
249,"Action",24.9,25.9,26.9,33.5192412619389,71.2306857097693,75.3075241818305,1
250,"Comedy",17.8,18.8,19.8,70.0868576060338,81.9989366836988,109.981229596716,1
251,"Drama",18.8,19.8,20.8,65.7743946681523,64.2587903819373,91.3687348583565,0
252,"Comedy",22.8,23.8,24.8,66.3644329455534,86.8487537204781,91.537603134644,1
253,"SciFi",18.4,19.4,20.4,67.1293302731173,64.8637502003499,78.3261001323449,0
254,"Drama",19.6,20.6,21.6,57.4597069609924,106.962685039532,88.8625007573017,1
255,"Drama",26.1,27.1,28.1,60.4895109289883,84.6061732091244,92.9744954863176,1
256,"Comedy",17.5,18.5,19.5,51.9415140614815,64.1355239853922,97.6703986952396,1
257,"SciFi",19.1,20.1,21.1,47.2526071019676,70.71406105891,78.5509711938438,1
258,"Romance",26,27,28,67.5380673897001,80.8688950853134,82.355269089167,0
259,"SciFi",18.6,19.6,20.6,50.3534018567494,76.6803348882898,86.6496948560262,0
260,"Comedy",17.8,18.8,19.8,74.35120187098,85.1538823299288,94.9939102469713,0
261,"Action",21,22,23,73.1011817597714,82.5024021352573,85.9724724547288,0
262,"Comedy",22.5,23.5,24.5,58.4842216875058,74.0778757415897,95.761569435079,1
263,"Drama",17.4,18.4,19.4,62.5839117164347,82.6463320661566,79.311528139528,1
264,"Action",19.4,20.4,21.4,75.9530593343394,84.4997656134794,88.5694739334071,0
265,"Action",19.5,20.5,21.5,61.9805129264751,72.572662904261,90.1900648949735,0
266,"Comedy",16.1,17.1,18.1,67.0509193426082,78.4880683649236,78.477416656161,1
267,"Action",20.1,21.1,22.1,68.1835248624715,82.4946907579827,72.4396469250312,1
268,"Drama",26.8,27.8,28.8,75.0961396051961,80.5263796824416,74.2206114816088,0
269,"Comedy",23.5,24.5,25.5,57.9664035030474,71.4654011523177,85.5977721374627,0
270,"Comedy",17.1,18.1,19.1,61.91298463168,88.8523213922676,81.0861355262653,0
271,"Comedy",21.4,22.4,23.4,56.1828149272951,80.0116984363662,86.0370288854865,0
272,"Comedy",19,20,21,47.0963735270914,80.6452804292347,85.3790382291225,1
273,"Romance",19.3,20.3,21.3,38.822087534634,78.6813264492301,69.5681036359595,1
274,"Comedy",23.5,24.5,25.5,53.5087851497768,88.9667868661295,67.9745403663896,0
275,"Romance",22.4,23.4,24.4,61.719028130704,87.3040878726245,73.5577750382056,0
276,"Comedy",23.7,24.7,25.7,54.3301165271088,64.1593454808021,72.2743330778581,0
277,"Comedy",21.8,22.8,23.8,60.7102483601131,64.8287687197204,79.7056238470721,0
278,"Action",16.8,17.8,18.8,62.5312029967656,77.1774358657946,64.7721351947172,0
279,"Comedy",18,19,20,71.3717767579781,90.1716844905081,101.282578666188,0
280,"Comedy",15.1,16.1,17.1,42.5358402087154,78.990107032742,59.2784301374077,0
281,"Comedy",22.5,23.5,24.5,82.8370713465442,98.1413501238066,92.3717900726942,0
282,"Action",25.4,26.4,27.4,62.4301877457839,76.4056869609714,68.4947376026426,0
283,"Drama",13.5,14.5,15.5,70.4085207013873,71.7381248418596,93.066855525434,0
284,"Drama",20.3,21.3,22.3,43.1177474949259,61.0345171697922,83.1760277645827,0
285,"Action",22.1,23.1,24.1,76.6725752453889,98.0964688341968,97.4531061738526,1
286,"Romance",19.1,20.1,21.1,61.9217140523119,96.3919227046916,85.8264935549566,0
287,"Comedy",16.7,17.7,18.7,55.803961110996,69.0049011909831,103.113231833539,0
288,"Drama",15.9,16.9,17.9,54.6875951662664,70.2939371256727,78.8586143832954,1
289,"Action",25.1,26.1,27.1,60.281792945322,101.001156263808,95.1351046116027,0
290,"SciFi",19.2,20.2,21.2,52.767468560779,67.4585391702147,86.2482962653483,1
291,"Comedy",24.7,25.7,26.7,54.6755905869267,68.3271830188192,101.490181065657,0
292,"Action",17.4,18.4,19.4,42.7740257983903,62.6298628692871,72.2965852951081,0
293,"SciFi",25.1,26.1,27.1,58.7402520235728,66.1711506947528,100.412295476983,1
294,"Romance",22.2,23.2,24.2,51.4212837081315,70.0729284010657,83.4988386384172,0
295,"Drama",20.1,21.1,22.1,48.9188962480955,92.928411551544,86.8467407411258,0
296,"Comedy",24.7,25.7,26.7,53.9413342561304,72.8889225925223,99.2427259385497,0
297,"Action",18.5,19.5,20.5,68.8640053287398,64.7111654776569,99.4458726547772,1
298,"Action",18.5,19.5,20.5,54.3681670508654,82.4177737553879,79.6832910991977,0
299,"SciFi",20,21,22,77.2654690150749,64.1349174969406,75.3015109916304,0
300,"Action",19.6,20.6,21.6,82.6892805728675,78.2663762079507,73.4283054007715,0
301,"Drama",19.4,20.4,21.4,45.3289535495017,86.6442468127378,83.0888552550607,0
302,"Comedy",19.3,20.3,21.3,55.2250926999298,75.5740932119887,83.6076072169836,1
303,"Comedy",16.6,17.6,18.6,59.8854755276736,54.4176170601438,83.4017442390106,1
304,"Action",23.8,24.8,25.8,53.8425411737078,90.2081873981477,98.328234426958,0
305,"Drama",16.6,17.6,18.6,74.3923936720531,68.3916235656487,80.1786529143136,0
306,"Romance",17,18,19,62.3936091393757,77.938888858578,91.787776810959,1
307,"Drama",16.5,17.5,18.5,52.5373152854723,80.1347514077609,71.3583343525068,0
308,"Comedy",26.6,27.6,28.6,56.209344576472,63.5940624500806,66.7053591910734,0
309,"Drama",22.2,23.2,24.2,50.2467723715965,67.9972171799335,80.0656275876834,1
310,"Romance",22.4,23.4,24.4,56.2976801301563,76.3690622152292,91.5855177991168,0
311,"Comedy",12.1,13.1,14.1,71.5061605390679,77.4075187771709,88.731180481002,0
312,"Drama",18.5,19.5,20.5,51.374384893457,79.184994301406,106.90977910341,0
313,"Drama",24.6,25.6,26.6,67.3938467021221,81.3363208471181,89.5281112828368,0
314,"Action",25.6,26.6,27.6,58.7413661863486,63.8284429579206,84.3627010055152,0
315,"Action",12,13,14,44.1424985176396,60.4507225566099,68.14271358556,0
316,"Romance",10.7,11.7,12.7,52.6818268330383,70.7490476607179,77.2016586090103,0
317,"Comedy",14.5,15.5,16.5,44.1195843477785,76.0412736281145,87.1426134818598,0
318,"Comedy",14.5,15.5,16.5,79.6164970665745,100.211750688133,91.4254151776702,0
319,"Romance",22.9,23.9,24.9,63.6452082338025,96.3945823051552,98.9489212420962,0
320,"Action",21.8,22.8,23.8,62.5211655433446,79.7039388514822,87.8896576968847,1
321,"Comedy",27.1,28.1,29.1,61.4994779148093,60.6029518931256,86.2323613085486,0
322,"Romance",20.8,21.8,22.8,63.4658641811803,88.5754468630462,104.318496191798,1
323,"Comedy",18.6,19.6,20.6,58.0148698715252,89.4948825759256,96.0917891955032,0
324,"Drama",26.5,27.5,28.5,57.3857240908807,74.6996981632327,88.9105219609109,0
325,"SciFi",23.1,24.1,25.1,52.2972752861377,79.7790381073507,86.5858220989268,0
326,"SciFi",22.8,23.8,24.8,59.3548453765243,70.8975206440831,77.5395085907227,0
327,"Comedy",24.3,25.3,26.3,60.186985235681,78.6773176394723,60.6556401507849,0
328,"Drama",19.1,20.1,21.1,51.3596547524938,79.6285162238232,93.8450077942243,0
329,"SciFi",21.5,22.5,23.5,62.5241024389154,88.2981705681512,106.562314257602,0
330,"Action",24.3,25.3,26.3,47.9284285207439,80.8813948468426,83.9635481960435,0
331,"Action",12.2,13.2,14.2,63.0440913707643,83.0343742341471,99.5689373578176,0
332,"Action",20.1,21.1,22.1,60.3476722268525,66.4016563192803,65.8369367298929,0
333,"Action",16.5,17.5,18.5,69.9046607810653,95.3570346169378,74.450599052879,0
334,"Drama",16.4,17.4,18.4,60.8760841808824,55.559912780144,77.3661066617934,0
335,"Comedy",16.9,17.9,18.9,66.1616014086726,71.9527711500097,84.6176393591961,0
336,"Action",21.4,22.4,23.4,75.4735874398592,95.3745251610813,92.8824707510629,0
337,"Comedy",19.9,20.9,21.9,64.2555613112032,73.1030504006223,77.0116900375759,0
338,"Action",15.5,16.5,17.5,69.4159492154595,77.7246414925803,110.702706428863,0
339,"Drama",22.3,23.3,24.3,57.7043242041507,102.137146270903,83.1904464344344,0
340,"Action",21.9,22.9,23.9,55.6706826427167,87.3020085344373,84.8730704188156,1
341,"Action",21.9,22.9,23.9,58.2262800132555,64.6018165282672,88.1590717116553,0
342,"Comedy",21.4,22.4,23.4,51.7488997951579,71.6856585367024,90.4915295023359,1
343,"SciFi",24.9,25.9,26.9,63.0047690001719,71.2069881278097,58.1643507588965,0
344,"Action",17.3,18.3,19.3,63.378093390959,80.8586265526053,90.5145689933272,0
345,"Action",17.6,18.6,19.6,50.8754990948193,62.6207753650543,79.0030067127417,0
346,"Comedy",22.9,23.9,24.9,60.6165382097458,76.442734929848,86.0497255015083,0
347,"Action",22.4,23.4,24.4,65.1044256425748,94.9728283483653,93.2477667633566,0
348,"Drama",24.4,25.4,26.4,55.3268337672273,84.5178325414786,89.3240144258909,0
349,"Action",20,21,22,50.5112491401068,81.2370283018795,91.1939270016679,1
350,"Comedy",22.4,23.4,24.4,62.2413526797988,74.3103248254836,82.9182030847887,1
351,"Drama",24.5,25.5,26.5,47.6489376146278,72.4150595087267,88.9213832169946,0
352,"Drama",17.2,18.2,19.2,73.2531479335463,86.8531585443995,113.033382154486,0
353,"Romance",27,28,29,60.0893038654849,65.7072162437561,78.884787043642,0
354,"Comedy",17.1,18.1,19.1,50.6935549286219,50.391740564732,88.7074547080105,1
355,"SciFi",13.5,14.5,15.5,56.146192557686,74.1286219359176,91.0971815181265,1
356,"Comedy",19.5,20.5,21.5,68.3800276071088,77.937032849671,97.3306140022134,0
357,"SciFi",20.8,21.8,22.8,58.1149412987997,86.4937322456432,95.9780529963091,1
358,"SciFi",17.3,18.3,19.3,59.903937549848,73.2999932738973,80.143244161057,0
359,"Romance",15.9,16.9,17.9,66.8219667359527,73.2651128040943,79.8755056787867,0
360,"SciFi",17.3,18.3,19.3,70.1875706885163,87.0196051456262,95.7059023126407,0
361,"Action",24.5,25.5,26.5,57.1241564224242,71.329811987883,83.8873111834979,0
362,"Drama",11.6,12.6,13.6,65.752045605674,95.9867800145839,100.216732823647,0
363,"Action",11.6,12.6,13.6,60.1864222543612,68.3178482308891,67.9590394152361,0
364,"Comedy",14.8,15.8,16.8,62.9679413860885,88.0837953010203,98.2215930465812,0
365,"Romance",24.3,25.3,26.3,64.3120071687373,59.8997172804622,95.2743993904147,0
366,"Romance",23.6,24.6,25.6,66.0164673914933,96.0834099938092,93.9768091772824,0
367,"Action",16.6,17.6,18.6,62.9213671224566,78.4192947411107,88.8684564620889,0
368,"Comedy",20.2,21.2,22.2,57.1849965614623,57.540417313104,101.72381674372,0
369,"SciFi",22.5,23.5,24.5,64.4884779035385,65.9049129406467,100.839702091844,1
370,"Action",21.9,22.9,23.9,62.9856821252704,78.3742834628958,72.8406894190029,0
371,"Drama",22.1,23.1,24.1,65.1576341297657,98.1584275669382,97.3667199467534,0
372,"Romance",20.8,21.8,22.8,58.0381725404087,72.447255275673,85.6227320911986,0
373,"Romance",21.3,22.3,23.3,64.0155101532849,78.6450243586037,84.6314157567718,0
374,"Comedy",14.2,15.2,16.2,57.5907175316238,86.7805657593255,94.4371989375185,0
375,"Romance",28.5,29.5,30.5,63.5953925910648,80.07859397927,78.1303950472899,0
376,"Romance",19.3,20.3,21.3,52.4133113122039,73.9234784381777,82.2900513419125,0
377,"Drama",22,23,24,80.0512811980175,84.403530370901,90.7454632255469,1
378,"Action",14.6,15.6,16.6,62.245316843331,75.9374818886646,94.7634433282193,1
379,"Drama",18.5,19.5,20.5,59.867321473354,80.7301707043088,88.2175611073974,0
380,"Action",23,24,25,48.6560278562973,80.0031044434079,98.0607657351282,0
381,"Comedy",20.6,21.6,22.6,60.1770500866062,62.8049803889063,95.5694765133242,0
382,"Drama",21,22,23,63.2035707391353,76.6194276163233,96.0822938813984,0
383,"Action",14.8,15.8,16.8,63.5241039762955,71.3326185564709,108.555365028961,1
384,"SciFi",22,23,24,60.2498395831428,84.2972496839802,109.345270414447,1
385,"SciFi",18,19,20,59.6261594152809,77.8988446023194,98.5728837977485,1
386,"Action",13.4,14.4,15.4,64.7880155667046,66.7467675899256,77.3718812645659,0
387,"Romance",22.5,23.5,24.5,69.8277021177765,85.8815307929619,87.030321279479,1
388,"Drama",20.1,21.1,22.1,54.5902086443926,55.430468915081,92.3765808668734,1
389,"Drama",17.1,18.1,19.1,58.7997111215414,87.5533293148786,92.3132673050498,0
390,"Drama",21.1,22.1,23.1,51.1227527825712,60.4048152079306,87.6837065255951,0
391,"Drama",12.6,13.6,14.6,55.8463498431816,94.905135448785,95.6420121128661,0
392,"Action",28.3,29.3,30.3,49.7471511332589,70.2499933679168,101.806312696738,1
393,"Action",10.6,11.6,12.6,53.9007286960711,72.3499388205289,83.6685093668011,0
394,"Drama",21.3,22.3,23.3,71.6444951473975,70.2808645626903,103.45590693598,0
395,"Comedy",19.1,20.1,21.1,69.8526180012282,63.7766647529681,84.3092729869836,0
396,"Drama",15.3,16.3,17.3,55.765431448986,79.7396384700647,98.7467020732287,0
397,"Action",21.3,22.3,23.3,63.3027891275927,64.7839801177937,81.5204178114179,1
398,"Drama",18.4,19.4,20.4,63.1695951528753,87.0992531469898,91.3948682632756,0
399,"Drama",26.1,27.1,28.1,82.3738284707875,65.6534085656874,75.9238329507721,0
400,"SciFi",15.6,16.6,17.6,48.2535564992619,68.1218425037688,65.8089349916592,0
401,"Drama",25.3,26.3,27.3,58.2937683159815,84.2034802012167,79.3412641660793,1
402,"Action",22.2,23.2,24.2,63.5565558440337,77.978972600728,105.481428684048,0
403,"SciFi",15.8,16.8,17.8,52.978390813816,82.8532895999272,80.9675721617608,1
404,"Action",19.2,20.2,21.2,60.6136946273294,80.8194555036411,71.17576213321,1
405,"Action",16.4,17.4,18.4,51.1174440989054,75.941835403362,80.7783938264784,0
406,"Drama",12,13,14,58.7744544829227,96.3320824969818,82.0146803018196,0
407,"Action",27.6,28.6,29.6,71.2341091391236,72.199150147469,89.7408157659343,0
408,"Comedy",26.3,27.3,28.3,61.2642109780314,78.3185952499198,83.4232059031356,0
409,"SciFi",20.6,21.6,22.6,61.749978767597,71.1535952152352,84.2972634011032,0
410,"Action",14.3,15.3,16.3,59.8311020782513,70.0323533219445,79.0169390491538,0
411,"Comedy",22.1,23.1,24.1,51.5812630498175,73.2812132182513,83.5397788243653,0
412,"Romance",16.1,17.1,18.1,37.7710862067203,62.4058156998651,85.6604663534043,0
413,"SciFi",22.4,23.4,24.4,64.5068701907134,87.6402708590393,96.7003302447991,0
414,"Action",23.5,24.5,25.5,51.6340878981044,84.9073163809736,79.6081135885696,0
415,"Drama",20.8,21.8,22.8,34.4745695895666,75.2960873525564,103.442325449982,0
416,"Action",19.7,20.7,21.7,59.0852275226108,58.9695491848046,90.2077414466203,0
417,"Comedy",24.3,25.3,26.3,50.4599621337183,71.3116910753541,78.5814058689347,0
418,"Drama",24.3,25.3,26.3,61.3681874674261,83.1042837957443,78.2525624521352,0
419,"Action",21.7,22.7,23.7,57.6426475807772,76.1131942394181,91.2330593952209,0
420,"Comedy",19.5,20.5,21.5,62.0030802218159,93.224141577682,81.186888705122,0
421,"Romance",23.7,24.7,25.7,71.100757509593,77.9727116030426,73.3680763810744,0
422,"Action",20.8,21.8,22.8,50.9946539180924,74.4819825762124,68.7899233019326,0
423,"Comedy",25.8,26.8,27.8,68.1610699095633,83.9330458272371,89.6752360613787,0
424,"SciFi",14.9,15.9,16.9,59.4146832525522,82.692640456032,92.894642016256,0
425,"Romance",19.7,20.7,21.7,54.6738045879466,81.0410049274733,78.7378985367965,0
426,"Drama",24.4,25.4,26.4,54.6278165898894,72.0012679177698,96.5382802674982,0
427,"Romance",17.2,18.2,19.2,55.6343386479212,91.3715652451863,70.8744775718838,0
428,"Action",13.1,14.1,15.1,54.386089997826,80.8923633440382,82.1314240685033,1
429,"SciFi",22.3,23.3,24.3,47.9713049740636,78.7656392066985,84.8433221376078,0
430,"Drama",17.6,18.6,19.6,55.0120308344605,66.9819315394119,83.0508201178476,0
431,"Action",18,19,20,65.6097502253979,70.5760204420883,69.3562806059432,0
432,"Comedy",23.1,24.1,25.1,57.7355517126873,71.5223308308399,85.7154514259266,0
433,"Comedy",28.5,29.5,30.5,53.8018226001041,70.6898295833914,83.0366655470381,1
434,"Drama",20.2,21.2,22.2,65.5193909582934,88.9927484115291,81.11942421557,0
435,"Comedy",23.8,24.8,25.8,52.1206040282558,85.2951843829747,75.5714295869857,1
436,"Action",11.5,12.5,13.5,53.4635315623061,84.1034646114155,83.097722879804,0
437,"Action",20.4,21.4,22.4,63.4912300030722,78.7800204604751,82.2375254826958,0
438,"Action",13,14,15,55.4627513844788,69.848922919575,92.0792282242807,0
439,"Action",13.2,14.2,15.2,61.508838004664,63.1072256483821,59.2962053850134,0
440,"Drama",25.6,26.6,27.6,49.916079712323,63.0290236486087,104.88274278771,1
441,"Romance",22.8,23.8,24.8,54.7798827267152,92.4699985029302,85.1532122278018,0
442,"Comedy",22.3,23.3,24.3,70.9361311355322,73.9499628658863,93.8202780871405,0
443,"Drama",17.9,18.9,19.9,59.5235478708865,68.943492793753,83.7415807787931,0
444,"Action",14.9,15.9,16.9,68.9959420742029,75.4179170805447,91.4441893739698,0
445,"Comedy",21.7,22.7,23.7,50.7035438792558,66.3906734980862,84.4252320646648,0
446,"Comedy",15.5,16.5,17.5,51.1098993920199,67.6465230383733,76.2752369278171,0
447,"SciFi",29.7,30.7,31.7,60.7334073413005,97.2574196102987,89.9526978049892,1
448,"Drama",20.3,21.3,22.3,69.7479982754384,74.394445843055,70.168646970376,0
449,"SciFi",21.3,22.3,23.3,52.3789558468318,71.7140253388207,91.8579089571007,1
450,"SciFi",13.7,14.7,15.7,55.0797328754447,76.2087342141422,70.1845003939091,0
451,"Action",22.1,23.1,24.1,69.2955646899672,101.559805925002,90.4607715854013,0
452,"Comedy",24.5,25.5,26.5,66.1710974336106,76.8142890368197,78.1838392796034,0
453,"Drama",21.2,22.2,23.2,59.0114906046677,81.130475653588,86.7513444613178,0
454,"Drama",20.2,21.2,22.2,59.8334928348954,82.0604202340079,102.045277625099,1
455,"Comedy",26.3,27.3,28.3,68.6279301851143,78.5993967548364,73.0451964930938,1
456,"Action",22.9,23.9,24.9,79.3956452480411,62.7043660153242,87.6406972741803,1
457,"Comedy",22.5,23.5,24.5,62.0458252953887,93.349812052683,84.7889082157917,0
458,"Action",24.3,25.3,26.3,66.3969361076687,79.1232066630064,89.2650709978247,0
459,"Comedy",21.4,22.4,23.4,62.4926324901919,84.184364622781,75.5706870692432,0
460,"Comedy",32.6,33.6,34.6,66.6026088560339,74.1680413541555,69.9314822282484,0
461,"Action",21.4,22.4,23.4,66.8740544100394,86.8318452741779,90.1617248604531,0
462,"Drama",24.3,25.3,26.3,62.3444279890883,88.4244002565845,95.3372728653404,1
463,"Comedy",23.7,24.7,25.7,64.9940291910612,95.4363684673211,95.418541332403,0
464,"Drama",22.9,23.9,24.9,66.3606290330281,71.7576314014518,71.7657764504642,0
465,"SciFi",24.2,25.2,26.2,74.7116265719586,85.8541057710894,68.1582957006649,0
466,"Comedy",21.4,22.4,23.4,72.5134056334064,80.4911551905398,100.479686510553,0
467,"Drama",12.3,13.3,14.3,43.9177269951289,69.6793586580275,84.2429730776772,1
468,"Drama",16.8,17.8,18.8,54.8918502396337,67.8223804491122,81.0586749913135,0
469,"Action",29.4,30.4,31.4,86.7808854107728,93.2633141969746,94.3136300693954,1
470,"Action",27.7,28.7,29.7,69.7205088042941,86.4504914161576,87.7459588591186,1
471,"Romance",19.6,20.6,21.6,42.4514456068522,92.7258009102521,73.9431410182947,0
472,"Comedy",9.9,10.9,11.9,63.6290782449347,58.4703885552214,79.293863048909,0
473,"Drama",17,18,19,58.666673908739,98.2655501957182,87.6388881082898,1
474,"Drama",14,15,16,74.8286111228364,77.158478392046,78.7433783151598,0
475,"SciFi",13.3,14.3,15.3,54.7989748849085,88.3674304755529,107.004742262937,1
476,"Comedy",23.8,24.8,25.8,57.1357265615476,79.923335222118,85.9440523430899,0
477,"Action",20.5,21.5,22.5,76.659975604509,89.2466610760583,74.5666455072622,0
478,"Drama",25.8,26.8,27.8,54.7089457128214,80.1000598072289,77.0835653651504,0
479,"Romance",14.7,15.7,16.7,55.3392067468588,89.8835055262259,84.1767718912759,0
480,"Action",16,17,18,49.7871815640847,69.2123955384482,105.269444277469,1
481,"Action",22.6,23.6,24.6,51.8938281788611,84.0753384299119,94.6962064687736,1
482,"SciFi",24.6,25.6,26.6,48.0616056691218,60.7380630163205,80.4719860348946,0
483,"Action",19.3,20.3,21.3,65.4291837725406,71.9813363973634,88.1268696202764,1
484,"Comedy",16.1,17.1,18.1,56.0106686410733,83.1395644918024,84.937409615962,0
485,"SciFi",27.4,28.4,29.4,71.7103517395012,86.1288032399072,80.1979029206361,0
486,"SciFi",26.7,27.7,28.7,57.2301715619138,76.1340477621377,81.0560340515703,0
487,"Comedy",24.2,25.2,26.2,61.6267792443157,78.5089364345186,92.304895498698,0
488,"Comedy",23.3,24.3,25.3,53.8572432228601,79.2637803359439,78.2688127995308,0
489,"Comedy",15.2,16.2,17.2,65.3433780503686,89.1934093433183,68.9802959993483,0
490,"Drama",11.9,12.9,13.9,76.4088255901467,65.5489886778172,95.6846602881967,0
491,"Romance",28.5,29.5,30.5,64.1747432239239,82.9178914951939,91.4431221066697,1
492,"SciFi",21.2,22.2,23.2,69.0174124132728,65.9165747681168,94.111765557527,1
493,"SciFi",16.7,17.7,18.7,60.3941174460134,92.7672334149077,89.9555840991374,1
494,"Drama",26.1,27.1,28.1,61.319455777163,88.3560171478156,104.645093191214,1
495,"SciFi",17.5,18.5,19.5,52.829123195742,73.6575294682917,87.7957546817483,0
496,"SciFi",18.2,19.2,20.2,51.3487446468591,88.0800403468718,100.01961057039,0
497,"SciFi",21.8,22.8,23.8,45.1761512158186,69.8901793756724,92.9600738991142,0
498,"SciFi",14.4,15.4,16.4,51.5054840667648,53.8534570946578,83.1568436078964,0
499,"Drama",18,19,20,67.0968070965355,66.5995352212647,56.6578951307967,0
500,"Comedy",15.8,16.8,17.8,66.0093865623831,79.7233300342721,83.5423288727983,1
501,"Comedy",24.7,25.7,26.7,63.2239643524344,70.9708018762147,66.3372230914293,0
502,"SciFi",21.3,22.3,23.3,62.7084758657327,82.3139794460928,74.2246881427086,0
503,"Comedy",18.8,19.8,20.8,61.7443739514643,97.1820593159939,85.5947543451028,0
504,"Drama",25.3,26.3,27.3,53.012083731263,74.0148867619491,87.7094094127495,1
505,"Action",19.8,20.8,21.8,54.7955878894085,78.0283247592074,82.2069719967541,0
506,"Comedy",19.1,20.1,21.1,66.9941146863126,90.5194280911998,103.108826769772,0
507,"SciFi",20.5,21.5,22.5,57.8761297429291,96.8036832756854,91.5384575582598,0
508,"Comedy",17.4,18.4,19.4,63.1108772053303,55.0788582370314,97.9363647369218,1
509,"Action",20.2,21.2,22.2,55.9350675964559,86.1522522364323,90.8523731901537,0
510,"Romance",23.7,24.7,25.7,46.5283114909592,67.4371981989802,79.3594768315404,0
511,"SciFi",20.8,21.8,22.8,71.6273865717569,82.3373059573067,88.8082753426093,0
512,"Action",26.5,27.5,28.5,60.3376813774217,59.3189281728454,59.8545135700529,0
513,"Drama",17.6,18.6,19.6,58.2335047316865,71.5486629205263,96.1242259038572,0
514,"Drama",18.8,19.8,20.8,65.14955724823,92.9942174310916,88.6803286208786,0
515,"Action",25.3,26.3,27.3,82.3668161843767,93.2919746339313,100.260185321802,0
516,"SciFi",15.2,16.2,17.2,61.0990162241823,68.8511614008975,91.6551914022893,1
517,"Comedy",14.4,15.4,16.4,74.9171047066448,84.9804624629704,87.2221754682974,0
518,"Action",22.6,23.6,24.6,69.7008619481508,78.2617113029084,89.1303033299035,1
519,"Action",18.4,19.4,20.4,55.8420328647758,61.1931572309954,95.3258232164186,1
520,"Romance",16.1,17.1,18.1,67.1926769033123,73.9245386103922,83.0008510674858,0
521,"Action",16.3,17.3,18.3,62.4521604098405,93.1581296349433,84.8704841801774,0
522,"Comedy",23.2,24.2,25.2,69.5644520457538,77.1484759751868,95.7846479718265,0
523,"Comedy",17.2,18.2,19.2,67.5051176874788,69.4159082535236,81.5511813529661,0
524,"SciFi",19.8,20.8,21.8,57.1378066814838,84.9146498828961,86.3772117932248,0
525,"Action",16.9,17.9,18.9,45.9048604848423,74.0305662681879,95.5340758493697,1
526,"Comedy",21.7,22.7,23.7,65.4254728814794,72.8586235439604,91.0905807619234,0
527,"SciFi",17.3,18.3,19.3,63.3670418302785,81.2261943230839,87.8935039640806,0
528,"Action",21.8,22.8,23.8,55.4842371812276,48.9759110713699,79.6481845426185,0
529,"Comedy",17.8,18.8,19.8,66.7677746539222,87.5876892138128,94.2851371204342,0
530,"Comedy",27.4,28.4,29.4,59.0366518737436,70.0026112655785,88.7814258744858,0
531,"Comedy",21.6,22.6,23.6,76.8578856904633,91.5993670972438,78.3964611790383,1
532,"SciFi",12.5,13.5,14.5,62.1269189424655,96.2333379299286,96.2778214564948,0
533,"Romance",25.5,26.5,27.5,57.2893003500569,84.7043239857232,84.7431520622556,0
534,"Action",19.7,20.7,21.7,73.8866264272656,82.8253356661654,71.3250512718383,0
535,"Action",20.9,21.9,22.9,38.5790794783097,58.1283502168781,63.3407946275129,0
536,"Action",25.6,26.6,27.6,59.5767319472789,63.7823967612896,74.929749827465,1
537,"Comedy",21.6,22.6,23.6,69.5567529302783,80.7502436810849,100.906188773565,0
538,"Comedy",30.2,31.2,32.2,61.8876386551223,68.5193650606755,90.3643410173336,0
539,"Comedy",17.9,18.9,19.9,61.0450118102236,74.8177490852543,81.41574563134,0
540,"Drama",21.4,22.4,23.4,67.4220645277991,68.9628494848045,89.7009303012711,0
541,"Romance",21.9,22.9,23.9,48.1748794296463,91.7024589330068,88.1436775034068,0
542,"Drama",23.2,24.2,25.2,56.401966134474,72.5151332581977,60.0482113967324,0
543,"SciFi",23.3,24.3,25.3,56.9154697412153,80.3065985601778,89.0943574811309,0
544,"Romance",22.2,23.2,24.2,57.489501446087,80.138356988389,87.4476821160302,0
545,"Action",15,16,17,70.0387796657034,83.0739095291409,91.8999036065635,0
546,"Action",18.3,19.3,20.3,55.702477474568,66.7681267639895,74.228737761521,0
547,"Comedy",20.3,21.3,22.3,59.207656697117,80.566218216679,98.5700456419635,1
548,"Comedy",18,19,20,52.9617525538392,83.2865136074638,83.1894686109986,0
549,"Comedy",21.3,22.3,23.3,44.6654966201541,65.4078544602265,79.4552951952885,1
550,"Action",16.8,17.8,18.8,79.1490924977549,111.903796066631,82.375299583154,0
551,"Comedy",23.6,24.6,25.6,67.3600814845322,79.1145974383147,89.4284765685361,0
552,"Drama",20.8,21.8,22.8,58.1725476340208,74.8913845893364,71.621896569751,0
553,"Comedy",22.2,23.2,24.2,65.7707096999814,73.17457007918,77.644467073426,0
554,"SciFi",19.1,20.1,21.1,61.4143714119887,92.6314789484764,113.452238332605,1
555,"Action",17.3,18.3,19.3,56.7772447712353,104.717597740894,79.0977546235142,0
556,"Action",25.8,26.8,27.8,52.051404095374,70.4096723494742,82.8389017162491,0
557,"SciFi",16.5,17.5,18.5,56.3594517564911,69.8749769154584,89.5080379076283,0
558,"Drama",16.8,17.8,18.8,46.1877629456592,69.6732908294034,87.3827430653948,0
559,"Action",17.3,18.3,19.3,44.0496130158627,60.5649734978605,78.7720473638445,1
560,"SciFi",27.3,28.3,29.3,44.7325302171862,91.0342767296772,91.0942674069304,0
561,"Comedy",19.6,20.6,21.6,52.5980275354492,69.3627305226175,81.7850541233523,0
562,"Comedy",24.4,25.4,26.4,60.0313866659457,64.4402770619133,84.1204992853661,1
563,"Comedy",15.9,16.9,17.9,50.3832322408317,63.1974570575207,81.325378586046,0
564,"Drama",18.3,19.3,20.3,70.5899640889967,78.3617708675118,68.6240843377961,0
565,"Comedy",19.4,20.4,21.4,55.0837981425243,63.0514829365171,99.3212401263116,0
566,"Drama",22.6,23.6,24.6,53.4781198859722,80.1279794831581,98.58025172446,1
567,"Action",18.8,19.8,20.8,62.1948347983721,71.7364927494409,92.5012853999048,0
568,"Action",22.8,23.8,24.8,60.3621192299036,88.8611541387652,99.0740670706868,1
569,"Comedy",20.5,21.5,22.5,50.1483021740524,85.1876794680373,101.549846885512,0
570,"Comedy",20.7,21.7,22.7,72.3834938958813,84.6760242306312,82.9464931451489,0
571,"Romance",28.5,29.5,30.5,61.8761626232735,83.2308598385127,83.3247350829097,0
572,"Romance",17.3,18.3,19.3,71.6028984229117,84.6091210993039,89.2079519504428,1
573,"Action",23.9,24.9,25.9,66.8581998059867,78.2712354639786,95.523237257628,0
574,"Comedy",24.4,25.4,26.4,69.5476789765057,78.1251618514861,90.4705124381891,0
575,"SciFi",26.7,27.7,28.7,50.3390034299787,79.5859069077862,90.379929007902,1
576,"Comedy",21.3,22.3,23.3,53.8623506538332,70.9006209585377,85.8860930161538,0
577,"Comedy",21,22,23,58.1104716217433,74.7525028669945,93.102412756029,0
578,"SciFi",20.6,21.6,22.6,46.1016763620228,70.6778495615725,69.1527262296447,0
579,"Action",22.9,23.9,24.9,65.9007767697273,78.7554587590677,72.7792329875988,0
580,"SciFi",22.4,23.4,24.4,64.3883212498923,67.8656321481576,74.2373248530599,1
581,"Comedy",18.9,19.9,20.9,61.090060452737,81.398530867831,96.792369480486,0
582,"SciFi",23.5,24.5,25.5,45.4250146278903,81.6492594962886,108.298560713941,0
583,"Comedy",22.4,23.4,24.4,56.2348598616716,87.1891263243675,85.1532424505605,0
584,"Action",22.8,23.8,24.8,66.9457621400953,63.736215530272,72.3707627521559,0
585,"Action",31.3,32.3,33.3,55.4612731942499,69.0623200420506,90.851977063862,0
586,"Comedy",21.1,22.1,23.1,60.1871586362391,92.4397603188165,78.9013268019277,1
587,"Action",17.9,18.9,19.9,62.1759399503655,99.0809073362719,89.6669795166423,1
588,"Romance",21.7,22.7,23.7,72.648469953837,76.3887167565328,101.285305014465,0
589,"Drama",18.9,19.9,20.9,61.180422773987,79.7241252591987,80.7280021796748,1
590,"SciFi",16.9,17.9,18.9,57.0652508271573,70.2286341188986,76.6544630946744,0
591,"Drama",18.5,19.5,20.5,64.7494707756002,58.6686683035399,64.0949106314764,0
592,"Comedy",20.4,21.4,22.4,51.6877803378365,82.2278807509026,90.0655956015349,0
593,"SciFi",23.9,24.9,25.9,34.6337060554528,62.6114518319373,72.0565453468287,0
594,"Romance",21.4,22.4,23.4,60.3819411499599,83.7908270794654,87.0246079606281,0
595,"Comedy",16.7,17.7,18.7,52.629897317532,90.2283879249699,100.368509312552,0
596,"Romance",19.4,20.4,21.4,53.0227854559146,71.6243404395056,100.51609922423,0
597,"SciFi",13.9,14.9,15.9,74.655335023833,96.8566976651981,103.584633171029,1
598,"Romance",19.2,20.2,21.2,66.587981737994,75.9423791874511,85.752971522274,0
599,"Drama",14.8,15.8,16.8,69.5101174209113,98.5458739030329,94.4484667605595,0
600,"Comedy",14.4,15.4,16.4,76.5604205105593,92.0738817991766,81.9123164171548,0
601,"Comedy",23.8,24.8,25.8,51.0415184985662,77.8089073956588,67.1041027773394,0
602,"Comedy",19.3,20.3,21.3,60.6094590725298,84.009869905282,71.3278914278248,0
603,"Comedy",20,21,22,71.3968208056532,82.018699695347,88.0903913698597,1
604,"SciFi",22,23,24,64.3823975791806,82.0324150926809,88.2438650803873,0
605,"Romance",18.2,19.2,20.2,55.9276477806829,76.5570886418419,77.0896590214578,0
606,"Comedy",19.2,20.2,21.2,60.3048688013644,71.919880142002,90.6305141806543,0
607,"Drama",17.7,18.7,19.7,48.6910479946639,91.2438153596863,101.390756942133,1
608,"Romance",18.6,19.6,20.6,70.2210100044039,70.9481654661843,87.2989062244743,1
609,"Action",15.8,16.8,17.8,69.0159283569094,89.7010392654721,97.7885399855582,0
610,"Action",23.2,24.2,25.2,54.0805267803829,97.2670082169508,96.3760372478052,0
611,"Drama",22.5,23.5,24.5,75.7295176461494,68.3850015652241,95.0301891118384,0
612,"SciFi",16.9,17.9,18.9,73.8684239965965,72.4565093077405,102.782905618437,0
613,"Comedy",27.1,28.1,29.1,46.5176758462363,63.6191978676011,69.0925450539157,0
614,"SciFi",19,20,21,78.260723750008,84.634171707307,93.7890458688805,0
615,"Action",18.8,19.8,20.8,58.2909551841317,73.1783588362132,78.6276722001696,0
616,"Action",14,15,16,74.4951251895667,91.7250372554745,93.5091587113786,0
617,"SciFi",20.1,21.1,22.1,43.6893202580293,86.073585626731,90.5097720626745,1
618,"SciFi",16.4,17.4,18.4,60.8702542445625,95.8822075324798,78.5227970397613,1
619,"Comedy",21.4,22.4,23.4,62.3762101991072,75.444793479605,76.801015677825,0
620,"SciFi",20.8,21.8,22.8,57.3962745337233,77.4075527449744,70.560950792985,0
621,"Comedy",23.4,24.4,25.4,65.9005988408825,80.7543977179176,73.0063283199921,0
622,"Comedy",17.3,18.3,19.3,51.7346783495669,64.8519703813464,58.3821377995578,0
623,"Comedy",13.3,14.3,15.3,57.5113871046587,64.4726710032534,78.7398993167962,0
624,"Comedy",21.6,22.6,23.6,50.671766805228,64.0972247347607,71.2780008493152,1
625,"Romance",21.8,22.8,23.8,62.6231243578696,77.9787708173177,81.6441203835372,0
626,"Drama",25.1,26.1,27.1,59.2962775665413,75.6332536941959,83.6842803361624,0
627,"Drama",19.3,20.3,21.3,60.316003882673,80.1226062081317,83.3020436270574,0
628,"Drama",22,23,24,68.1423122253999,78.9998723372773,77.5459250779831,0
629,"Comedy",21.8,22.8,23.8,56.154272164583,66.0981368714533,77.6880525757889,0
630,"SciFi",18.1,19.1,20.1,57.7938379142169,58.9573335154811,71.9197102700109,0
631,"Comedy",13.8,14.8,15.8,60.3411269337043,67.5774155642817,83.7644740822998,0
632,"Comedy",17.2,18.2,19.2,58.4792331239161,85.1907507740689,71.0305638647195,0
633,"Comedy",20.6,21.6,22.6,69.7343087184527,67.4280436997869,94.1433083997114,0
634,"Romance",20.5,21.5,22.5,70.7586922387217,85.2690517591625,74.0004784285777,0
635,"Action",14.5,15.5,16.5,80.1963631075898,79.1181075218989,78.5992973264411,0
636,"Action",19.6,20.6,21.6,57.7320592600553,73.9025807228898,83.2620855575472,0
637,"Drama",15.5,16.5,17.5,77.86434222692,90.1730323314178,76.1073898916363,0
638,"Action",23,24,25,62.8884618616689,75.1713753421968,80.4924456338913,0
639,"Action",20.3,21.3,22.3,41.1453442465457,79.8160889181395,99.7081263925048,0
640,"Drama",18,19,20,46.3993348157254,88.4649799712127,87.8950164200365,0
641,"Comedy",22.4,23.4,24.4,49.1919977253101,87.6538821006079,91.0120281630398,0
642,"Action",16.5,17.5,18.5,49.2332629494746,65.9710410886706,90.5934893643288,0
643,"Comedy",24.7,25.7,26.7,63.4304602743626,82.2186024318556,90.9110460660378,0
644,"SciFi",16.9,17.9,18.9,77.2129776183801,86.395870394031,87.7169688543469,0
645,"Comedy",12.8,13.8,14.8,63.2598132942528,67.3800211133904,90.602222157132,1
646,"Comedy",16.3,17.3,18.3,57.1884445758277,74.1160211065601,87.530858809768,1
647,"Comedy",18.6,19.6,20.6,53.4051462110474,86.6545813031826,94.1099795050321,0
648,"Comedy",19.3,20.3,21.3,75.303170956137,91.3978144359274,82.8456727602938,0
649,"SciFi",16.8,17.8,18.8,55.1710167336794,79.6256107931243,78.83339994542,0
650,"Comedy",18.4,19.4,20.4,68.8875914600593,84.6117983160075,98.1337030406049,0
651,"Comedy",21.1,22.1,23.1,48.7675660940569,69.9041337344379,109.742569368733,0
652,"Comedy",21,22,23,55.445356033803,83.005724222366,87.830259177381,0
653,"Comedy",20.4,21.4,22.4,46.485871202049,78.7607568809036,97.5789929758697,1
654,"Comedy",16.3,17.3,18.3,54.9232818487191,78.9132997567165,84.0057390279121,0
655,"SciFi",20.9,21.9,22.9,72.472068131679,95.1457999760573,71.2925026902281,0
656,"Romance",25.6,26.6,27.6,57.7040717647875,73.4019136230557,77.4601553035968,1
657,"Drama",16.8,17.8,18.8,67.2976734755098,72.1571408962013,89.6894337705935,0
658,"Drama",27.7,28.7,29.7,43.8288415807188,75.2884298837305,85.2436133068551,1
659,"Comedy",23.5,24.5,25.5,57.8608794255409,72.5689976344278,89.0799247846144,0
660,"Romance",14.9,15.9,16.9,60.1528882401668,67.1195310015877,73.3727261959148,0
661,"Action",16.2,17.2,18.2,54.0550875450184,60.2841676565787,95.8999837386893,0
662,"Action",18.8,19.8,20.8,66.4767246418316,79.3107905339945,94.0515618022082,0
663,"Comedy",20,21,22,50.1126700028251,89.1213499929261,90.026495866449,0
664,"Comedy",16.3,17.3,18.3,64.0869489003745,85.6615546739208,70.1172944730192,0
665,"Romance",17.4,18.4,19.4,63.3825642223751,86.5343882386174,80.011882101553,1
666,"Action",21.5,22.5,23.5,67.841098873916,87.2448226408058,98.8194757032478,0
667,"Romance",21.1,22.1,23.1,71.7933818156925,70.1081320330122,82.9024012778993,0
668,"Romance",17,18,19,70.4326257433008,68.9381784210964,84.0126105062794,1
669,"Drama",18.1,19.1,20.1,73.0614959519725,88.2203511777052,82.202100995234,0
670,"Comedy",16.3,17.3,18.3,63.6898830173158,76.4774512677159,78.6742326042833,0
671,"SciFi",9.6,10.6,11.6,49.32427593487,63.721193840192,65.8842117373089,0
672,"Action",17.6,18.6,19.6,70.8187677269041,72.8261836032282,83.6641342234053,0
673,"Romance",17.4,18.4,19.4,77.9247262141693,78.5094155149052,70.5194484824573,0
674,"Action",19.6,20.6,21.6,65.0670422576562,96.7380689344342,93.1386751956478,0
675,"Action",16.1,17.1,18.1,54.0573484771162,64.5877051569446,80.3086639494716,0
676,"Action",21.9,22.9,23.9,63.6927128943008,83.6569581649635,101.636118645103,1
677,"Drama",14.4,15.4,16.4,55.694776140223,75.3826441045583,92.2668823360386,1
678,"Action",26.5,27.5,28.5,63.1271706728516,98.4220440688617,78.1193322709268,0
679,"Action",15.5,16.5,17.5,63.1321057158424,66.5540047814479,93.0092289057751,1
680,"Action",21.8,22.8,23.8,40.9831682851257,61.9025016036902,68.9975733870737,0
681,"Comedy",27.6,28.6,29.6,78.2891233016541,77.6602846228042,87.0366612866727,1
682,"Action",17.2,18.2,19.2,67.1597195859181,62.4512988474382,70.4038267327463,0
683,"Drama",18.5,19.5,20.5,67.0036147915783,76.7901151251919,89.922566485559,1
684,"Drama",17.3,18.3,19.3,55.9003069236719,65.4554493088218,82.877701762056,0
685,"Action",20.4,21.4,22.4,52.4449485837315,69.1210427559797,83.4511176620501,0
686,"Comedy",22.2,23.2,24.2,72.1013210829246,96.3748534184078,83.437561748167,0
687,"SciFi",13.9,14.9,15.9,45.9172238208375,75.1240267096085,84.0827537874041,0
688,"SciFi",15.9,16.9,17.9,72.5358470903487,93.5049670388219,98.5487838328184,0
689,"Action",14.4,15.4,16.4,41.4691818561976,72.7003794119518,91.9995538593009,1
690,"SciFi",21.7,22.7,23.7,65.7538685066138,72.650980265894,84.1545817940504,0
691,"Comedy",21.5,22.5,23.5,50.5382544442255,77.7431343234426,102.704543956715,0
692,"SciFi",17.2,18.2,19.2,51.8087570012198,73.6527127678495,96.9294382135764,0
693,"Drama",15.9,16.9,17.9,52.1027182070312,83.0652766484554,91.1801827780784,0
694,"Comedy",13.4,14.4,15.4,62.8281281654619,71.2729011820328,72.671248702105,0
695,"SciFi",22.7,23.7,24.7,74.6093968211947,86.7083646307046,77.4018031231792,0
696,"Drama",17,18,19,63.2239979189384,70.4898673856288,101.355972332579,0
697,"Comedy",22.9,23.9,24.9,72.7550994150077,88.3131939186791,73.4970059858932,0
698,"Comedy",28,29,30,66.2828619797607,77.9695866035407,96.4329276591572,1
699,"Comedy",25.4,26.4,27.4,36.5659006134814,83.3457239473738,117.28849029405,1
700,"Drama",16.7,17.7,18.7,62.882627061251,78.9809711499101,75.6487925538732,0
701,"Action",24.6,25.6,26.6,54.2990909813574,82.360168255546,98.736566803758,0
702,"SciFi",17.3,18.3,19.3,71.8969657408287,95.011319001891,82.0803520727208,0
703,"Drama",21.2,22.2,23.2,48.3771259021535,82.3393890716629,78.8210604779925,0
704,"Drama",20.7,21.7,22.7,53.370533421284,78.632594718466,81.2878081590808,0
705,"Comedy",22.2,23.2,24.2,59.4157344359856,67.0607883548063,82.8314991842182,0
706,"Drama",20,21,22,70.6525129216313,86.5593233565434,81.766520337674,0
707,"Romance",21.2,22.2,23.2,58.4840341703303,64.6975202400268,71.0971089697986,0
708,"Comedy",22.5,23.5,24.5,71.6905802631727,92.203467073771,94.091352991553,0
709,"Comedy",11.5,12.5,13.5,68.2874588426315,74.8991882198862,88.7107442397733,0
710,"Comedy",18.9,19.9,20.9,67.4715970205953,83.8718008229456,88.7370495961501,0
711,"Comedy",21.5,22.5,23.5,37.0311705304999,62.8019489779251,89.6693130312511,0
712,"SciFi",20.8,21.8,22.8,58.8322914884467,80.071357031635,82.1067680104248,1
713,"Action",20.5,21.5,22.5,61.7548479081982,80.0865177064265,86.9015840702833,0
714,"Comedy",26.9,27.9,28.9,73.0205575884603,82.2626371880074,117.744720378478,1
715,"Drama",19.5,20.5,21.5,62.7544485591565,75.2415849399911,58.7414794095811,0
716,"SciFi",20.4,21.4,22.4,64.8160426066352,66.0383529215192,72.9161853768117,0
717,"Comedy",19.5,20.5,21.5,68.9553913833647,107.898163125573,103.869516707799,0
718,"Action",29.4,30.4,31.4,65.7455187930708,69.9422368082627,87.4852923450981,0
719,"SciFi",17.5,18.5,19.5,51.6707074781909,82.7482424352209,85.80325374597,0
720,"Comedy",24.4,25.4,26.4,44.8019422737705,65.8489223363301,69.9124212226285,1
721,"Action",24.6,25.6,26.6,53.6132506784794,64.4831756062803,78.5795199590178,0
722,"Comedy",17,18,19,43.3079293564571,88.5826082094998,88.5980773336864,0
723,"Comedy",25,26,27,46.7129045418598,70.4392659332595,85.2570515291765,0
724,"Comedy",22.4,23.4,24.4,62.3427843676012,78.3344800784872,80.4516489316184,0
725,"Comedy",24,25,26,61.9895023220946,99.0784596101444,94.964598547696,0
726,"Action",13,14,15,50.454723463078,83.1655789190402,85.2708052741912,0
727,"Comedy",16.9,17.9,18.9,64.0359198196444,83.3683992997644,99.8392875948572,0
728,"Comedy",18.5,19.5,20.5,53.8979281027298,72.1750301491483,103.738720828005,0
729,"Drama",20.8,21.8,22.8,69.5852172886405,79.4178593769266,81.6374222674089,0
730,"Comedy",19.8,20.8,21.8,50.6694546279451,73.7075995171185,74.2656600136943,0
731,"Comedy",19.4,20.4,21.4,66.0731319480232,76.8987809589452,96.1047580930135,0
732,"Romance",22.4,23.4,24.4,51.9747583228729,91.1762435144414,89.7033165651851,1
733,"Action",23.7,24.7,25.7,58.8477086466037,78.7662428428842,85.0157310246049,1
734,"Comedy",26.7,27.7,28.7,45.9892282507794,67.4958032700627,70.5631210469284,0
735,"Comedy",22.4,23.4,24.4,52.6325330715977,86.2353076377213,85.5047105248152,0
736,"Comedy",15.4,16.4,17.4,77.3863773600586,85.2835915201378,84.1763814120415,0
737,"Action",14.5,15.5,16.5,55.6989662881745,59.0094846330756,64.9087547942258,0
738,"Comedy",25.3,26.3,27.3,51.3969217989453,67.5279384987961,104.145263528425,1
739,"Drama",18.4,19.4,20.4,57.9387238438588,72.6256127842269,71.1060602737053,0
740,"Action",21.4,22.4,23.4,73.4002033641613,87.3430313485207,91.7957132833848,0
741,"SciFi",21.6,22.6,23.6,66.6947899240032,73.2693984176653,79.4554373054024,0
742,"Drama",22.7,23.7,24.7,59.7548777974177,78.8541741810587,87.3413598833642,1
743,"Action",18.3,19.3,20.3,82.8687807640199,75.4110128268906,82.9385824443424,1
744,"Romance",18.7,19.7,20.7,61.6299495251203,90.9702057156389,71.3697547317592,0
745,"SciFi",21.8,22.8,23.8,68.3877996493737,80.5518814242736,99.2517044930192,0
746,"Comedy",16.9,17.9,18.9,49.6400707447527,74.8093317457448,90.1520944403964,0
747,"Comedy",19.1,20.1,21.1,70.5363153112129,71.7190801591187,94.5572575281354,0
748,"Drama",17.7,18.7,19.7,61.2722006024203,75.990000333244,90.7200050825967,1
749,"Drama",15.6,16.6,17.6,60.5824046538769,87.3104045968837,72.0330805275211,0
750,"Drama",20.6,21.6,22.6,75.9596705645103,75.7109562779304,79.1521689940154,0
751,"Action",21.8,22.8,23.8,65.083010092692,75.8191616414837,87.2220668222854,0
752,"Action",20.4,21.4,22.4,71.9392255204585,79.8583872160273,59.0253526807502,0
753,"Romance",21.3,22.3,23.3,65.2223641929442,59.8011187956056,67.7765222329895,0
754,"Drama",19.6,20.6,21.6,54.2952000942238,77.6132483478066,83.6446241104358,0
755,"Comedy",19.3,20.3,21.3,46.7875793627836,53.2849772125498,67.4314168880896,0
756,"Action",13.7,14.7,15.7,63.3481878715164,96.139307363039,82.2935434759421,0
757,"SciFi",24.8,25.8,26.8,54.4794268064866,76.8552005727431,83.7435277061964,0
758,"SciFi",25.8,26.8,27.8,64.2867696246678,75.7722739763045,72.6251654590814,0
759,"Action",23.5,24.5,25.5,64.3062786771737,78.1816453327644,75.9525833841537,0
760,"SciFi",22.4,23.4,24.4,50.2673298131144,82.8175449846074,99.9538494974971,0
761,"Action",20.3,21.3,22.3,57.4660234756689,76.4031702476526,84.8374503128391,1
762,"Drama",18.4,19.4,20.4,51.6105664616653,78.4675629741137,103.014857644394,0
763,"Action",20.8,21.8,22.8,80.3100432964979,90.1407683519069,88.056097403621,0
764,"Comedy",17.8,18.8,19.8,70.5306365162968,75.9555146226769,106.310064492847,0
765,"Drama",22.8,23.8,24.8,58.8281916775975,72.7807478326577,84.5742564789027,1
766,"Romance",21.6,22.6,23.6,74.6508172711196,88.7204973474662,74.0469486162767,0
767,"Comedy",20,21,22,68.6115082011273,83.6701710539363,87.9183881101123,0
768,"Drama",19,20,21,59.4142988694329,81.7598813913281,86.5310996728359,0
769,"Drama",21.2,22.2,23.2,57.9359264921163,96.6725548993156,93.9533343505427,0
770,"Action",22.9,23.9,24.9,52.6625292865578,81.0884630926898,91.5018352518386,1
771,"Drama",25.7,26.7,27.7,65.6328583280885,63.6773253501496,71.5292654958424,0
772,"Drama",14.5,15.5,16.5,57.7841195657264,92.3425523383866,94.3498471810568,1
773,"Action",17.6,18.6,19.6,63.4884289221857,57.0929800726668,60.970087875404,0
774,"Comedy",26.8,27.8,28.8,72.4934768375918,84.5963369185719,79.5676621922002,0
775,"Action",19.3,20.3,21.3,72.2276608491559,85.9554732518356,104.507114205076,0
776,"Action",26.4,27.4,28.4,63.2361309679705,77.8222625542772,82.5812673520195,0
777,"Romance",16.8,17.8,18.8,60.8902256122925,68.6745079744767,79.396348273185,0
778,"Comedy",24.7,25.7,26.7,76.172512065851,83.0355385562903,95.1088880839358,0
779,"Comedy",16.6,17.6,18.6,54.3530959980164,76.7821319482787,116.632519836166,1
780,"Comedy",16.5,17.5,18.5,41.188542354643,70.3579125190297,87.639827394438,0
781,"Action",21.2,22.2,23.2,55.3695948564869,73.697197309229,79.4533445868153,0
782,"Action",18.9,19.9,20.9,45.7905753506911,73.411861270705,91.2373971443124,0
783,"Drama",15.6,16.6,17.6,56.1790619706515,62.0608244406774,75.065806572324,0
784,"SciFi",15.6,16.6,17.6,62.1068121450046,93.2671631411518,88.6685715059955,0
785,"Drama",21.2,22.2,23.2,73.2303617814912,90.8422834090608,61.1439869685835,0
786,"Comedy",15.7,16.7,17.7,62.7493038425516,74.781509093315,73.5667922146852,0
787,"Romance",24.1,25.1,26.1,65.0621331704104,75.1215103820659,91.8415826332863,1
788,"Drama",25.2,26.2,27.2,72.4965319580193,82.3925373693221,72.675581976435,0
789,"Drama",15.2,16.2,17.2,53.6948565620086,78.6734077116476,78.6081831594093,0
790,"Drama",13,14,15,71.4870266950131,83.21530302404,85.7525355132221,1
791,"SciFi",11.2,12.2,13.2,61.2553873270695,68.0807386674804,82.1427174555124,1
792,"Romance",23.1,24.1,25.1,66.4756548831899,88.8664884170279,77.50922130172,0
793,"SciFi",15.7,16.7,17.7,60.6444319016451,85.1615008119878,80.0694496120677,0
794,"Action",24.1,25.1,26.1,54.0069308102828,76.4663677269962,93.3582634907445,0
795,"Comedy",19.2,20.2,21.2,69.6933417643489,82.5061793377931,80.1882389320378,0
796,"Action",14.6,15.6,16.6,57.1753251118555,77.3678457178005,107.953733619668,0
797,"Action",16.5,17.5,18.5,64.4824932895858,82.5900343737258,74.3863576180229,0
798,"Comedy",20.2,21.2,22.2,60.6390238809967,77.740803996621,85.5666316844984,0
799,"Drama",28.1,29.1,30.1,52.6681461872338,90.1057646654287,95.0711792264344,0
800,"Comedy",21.5,22.5,23.5,38.1031786191852,57.2042353221194,92.1049691007508,1
801,"Romance",13.6,14.6,15.6,55.9921814588167,84.6103969291295,84.6031229876711,0
802,"Comedy",18,19,20,62.8242006439313,85.2544519915695,102.406519657193,0
803,"Comedy",15.2,16.2,17.2,57.7260115913043,72.1658130812094,87.3293913193247,1
804,"Comedy",15.7,16.7,17.7,52.2854447712785,67.4944651047977,71.6519034403227,0
805,"Comedy",23,24,25,45.5701408453675,74.9074134540291,89.0705084623411,0
806,"Comedy",18.3,19.3,20.3,61.1808432850546,82.9842464003887,94.6269693400474,1
807,"SciFi",24.3,25.3,26.3,61.9328998046693,89.9611320375705,69.8578321064638,1
808,"Romance",21,22,23,74.1656666466148,81.3514922471115,80.9001102870332,0
809,"SciFi",20.2,21.2,22.2,62.2866314972895,86.4798085369879,88.1771072448355,1
810,"Comedy",26.6,27.6,28.6,76.0175870528478,70.4657247209283,83.9920423217898,0
811,"Action",17.9,18.9,19.9,61.1336441139775,69.3202495284126,92.4523140739817,0
812,"SciFi",21.3,22.3,23.3,56.3938191925404,72.1140420855161,64.1922938325689,0
813,"Comedy",33.7,34.7,35.7,64.8508674409157,78.6531817360672,84.8310346471337,0
814,"Drama",18.6,19.6,20.6,60.3236693452861,78.0955420476352,51.03404947963,0
815,"Comedy",27.2,28.2,29.2,60.461633453523,73.2390273161747,78.7757067122969,0
816,"Comedy",13.7,14.7,15.7,47.2835892977195,78.6312625845641,86.0053478724326,0
817,"Romance",21.1,22.1,23.1,57.5476406654394,90.9923871891668,83.4726414031645,0
818,"Action",17.8,18.8,19.8,45.3395319491387,67.4488618498355,84.3461186371687,0
819,"Comedy",13.9,14.9,15.9,56.1925841330374,72.6649984440832,92.8968483293914,0
820,"Action",17.5,18.5,19.5,70.0487068725481,62.8312613759311,82.6676155697829,0
821,"Action",29.3,30.3,31.3,24.718302658743,65.0469028578589,81.7123331800147,1
822,"Drama",19.2,20.2,21.2,53.7269393915775,83.1239991377291,82.0016173990394,0
823,"Drama",17.7,18.7,19.7,57.4964962395954,71.7022721641494,82.451147464094,1
824,"Comedy",24.2,25.2,26.2,49.0055631072278,61.6836887053087,81.8675311723099,0
825,"Action",17.2,18.2,19.2,47.0799346968783,61.89949238632,80.29054940455,1
826,"Comedy",20.9,21.9,22.9,79.0616353296427,91.0879911293139,101.699526984048,0
827,"Action",21.1,22.1,23.1,68.2230618938626,92.8430270772687,78.1628063218661,1
828,"Action",18.3,19.3,20.3,49.6800738181545,67.8592736041003,77.5140419815411,0
829,"Romance",18.5,19.5,20.5,62.9426415140804,88.2912843758002,86.6044313369747,0
830,"Drama",26.7,27.7,28.7,56.0627018525381,71.3520792970239,82.1845333582537,0
831,"Action",19.4,20.4,21.4,50.7115375547859,67.0042999350023,85.9984421902865,1
832,"Romance",28.7,29.7,30.7,66.576807208266,92.3986113467011,92.2325701930384,0
833,"Drama",19.2,20.2,21.2,68.003705109762,94.5356994746234,96.2129729088598,0
834,"SciFi",19,20,21,50.4706718458141,74.3337525276086,82.3056251147135,0
835,"Action",17.6,18.6,19.6,82.8879370907421,72.3469101379131,64.0187693180927,0
836,"Action",8.5,9.5,10.5,49.5144625733907,76.8494126496292,77.9456813100822,0
837,"Drama",12.4,13.4,14.4,69.1083861848331,68.2718088190111,81.3527283488604,0
838,"Action",19.6,20.6,21.6,60.9241890643157,81.4594714067012,92.6558081083861,0
839,"Action",17,18,19,56.6135365586607,89.9637208591724,64.2516691109281,0
840,"Romance",26.2,27.2,28.2,60.07981137933,77.3014519576811,87.0353957831311,1
841,"Drama",21.3,22.3,23.3,75.0847392486148,82.2576773485457,94.0509177928929,0
842,"Drama",18,19,20,73.5063437691746,63.8697775956699,74.0013018234936,0
843,"Action",24.1,25.1,26.1,61.3442978760536,73.7934578454681,90.5322410819746,1
844,"Action",17.1,18.1,19.1,70.2856917982869,96.4807640022271,86.5296513272092,1
845,"Romance",20.7,21.7,22.7,60.3227813350744,64.9333923834248,90.2431338413407,0
846,"SciFi",22.6,23.6,24.6,70.6378217706386,85.7110328199415,69.6476787888487,0
847,"Romance",20.2,21.2,22.2,59.712344451036,70.4255644947346,71.1301240581954,0
848,"Comedy",19.1,20.1,21.1,76.9657415010538,73.8701021993592,80.3759547202547,0
849,"Comedy",18.9,19.9,20.9,42.8817543325312,88.4462099279951,89.9172583112134,1
850,"Comedy",18.5,19.5,20.5,74.3682434857556,61.8985979642285,62.8761831499587,0
851,"Comedy",25.9,26.9,27.9,63.3495532809387,96.9466744973158,95.9374737688463,0
852,"Action",20.1,21.1,22.1,71.808110828165,69.6266239969274,69.0713158654808,0
853,"Comedy",16.3,17.3,18.3,79.1234341183131,69.9198497221983,86.2156578798008,0
854,"Drama",17.9,18.9,19.9,71.8234454642101,85.4382153424284,104.386066123068,0
855,"Comedy",15.9,16.9,17.9,82.0076720979692,86.7113612209188,114.32800350418,0
856,"Action",21.7,22.7,23.7,67.8212061368085,72.4608411284083,73.0182397047561,0
857,"Comedy",18.8,19.8,20.8,41.7046776821333,60.6438170119132,85.4617602702731,0
858,"Action",21.1,22.1,23.1,55.6156860756101,67.7189439276118,68.9381329477957,0
859,"Drama",21.2,22.2,23.2,71.7837323507896,93.845059039776,96.9287278910354,0
860,"SciFi",7.8,8.8,9.8,55.0343053863997,75.4011209515032,85.1036286649406,0
861,"Comedy",16.5,17.5,18.5,64.9750762396785,94.531575133357,79.4878400487264,1
862,"Comedy",28.6,29.6,30.6,56.2729931651113,85.3120843665294,71.1913369732976,0
863,"Action",20.8,21.8,22.8,65.7634725795628,85.4420505289951,89.634886787857,0
864,"Romance",19.4,20.4,21.4,60.9497005184508,90.2802267262092,91.3336848453037,0
865,"Romance",22.1,23.1,24.1,60.6200920149087,72.9024163909317,86.0111375378917,0
866,"Action",22.2,23.2,24.2,67.3229648595807,88.392173092824,84.5898583947106,1
867,"Drama",14.7,15.7,16.7,75.5294245715296,91.5070026148019,93.5212045625357,0
868,"Drama",20,21,22,56.6683896161878,71.143646935195,99.8845593266562,0
869,"Comedy",22.9,23.9,24.9,49.1991895834697,98.409280366844,93.3106209839484,0
870,"Action",20.9,21.9,22.9,72.5981161037634,90.1819671250964,81.7316980666775,0
871,"Comedy",19,20,21,46.891401820383,77.2790843755554,83.602587513075,0
872,"SciFi",19.1,20.1,21.1,64.3109225647095,84.2036505105727,81.0365644013316,0
873,"Comedy",15.8,16.8,17.8,68.5478541534957,83.4409325654154,65.1280179522751,0
874,"Drama",18.7,19.7,20.7,63.3350855600519,94.4069412535455,99.2072005177275,0
875,"Comedy",21.6,22.6,23.6,79.7360773251177,80.8263600887219,57.2720197681081,0
876,"Comedy",17.3,18.3,19.3,59.8364597789608,85.4575815005408,95.4562470678531,0
877,"Romance",20.1,21.1,22.1,72.5966609639734,73.7442888541176,79.552018371131,0
878,"Action",21,22,23,75.498292713459,61.3635098499908,67.5450078151709,0
879,"Drama",23.8,24.8,25.8,60.8279392750365,66.9850037998967,72.4705013193806,0
880,"Action",13.6,14.6,15.6,66.4769681753642,94.0111955515822,94.6618023695979,0
881,"Comedy",20.5,21.5,22.5,53.2614564874583,87.8119390866964,106.556861738695,0
882,"Comedy",24,25,26,73.6828255175131,80.8862203834871,92.4693395755199,1
883,"Drama",21.3,22.3,23.3,68.2623377239582,84.4290954442327,98.1534451786384,0
884,"SciFi",12.5,13.5,14.5,43.8904928100595,58.5121528679891,81.3658293350734,0
885,"SciFi",19.6,20.6,21.6,62.2310435156047,79.4340541047168,71.1255644157446,0
886,"Comedy",25.1,26.1,27.1,66.3599944889317,82.2318336117538,98.2413900866125,0
887,"Comedy",16,17,18,69.8521299200357,73.4487848292758,90.5870729987983,1
888,"Comedy",20.6,21.6,22.6,61.468565538138,81.5067738346645,93.2953502614777,0
889,"Action",17.1,18.1,19.1,49.8107703267336,70.8209517613596,68.0003307398995,0
890,"Drama",24.2,25.2,26.2,60.1910943579651,77.7983200049603,85.0302162463516,1
891,"Action",24.6,25.6,26.6,79.4709533605522,77.912009586045,78.3585123072015,0
892,"SciFi",21.2,22.2,23.2,50.8305128323379,77.5714410988538,86.5314813924199,0
893,"Drama",22,23,24,51.0554302926743,86.876082668911,100.641791627135,0
894,"SciFi",19.5,20.5,21.5,56.9376255321615,83.9436727714954,76.2743791793964,0
895,"SciFi",28.7,29.7,30.7,37.6149464472776,69.0045332038533,76.228177713184,1
896,"Romance",24.1,25.1,26.1,48.376462641593,78.9390115198254,73.2665589452673,0
897,"Drama",14.7,15.7,16.7,43.4558059782403,68.9902580395788,93.4003520150925,0
898,"Action",14.5,15.5,16.5,71.9971072779878,64.9704004710084,81.9198866376885,0
899,"Action",20,21,22,70.7945877954343,63.7483204139211,83.3814600763257,0
900,"Comedy",18.7,19.7,20.7,49.6742345847962,60.9915672255058,76.0690066409048,0
901,"Romance",21,22,23,65.939066725049,85.6690293704096,81.8959117101968,0
902,"Comedy",18.3,19.3,20.3,57.3133461802385,90.9969640180427,95.5049649364123,0
903,"Action",17.8,18.8,19.8,61.6163691027908,78.4732480439514,83.0742849716859,0
904,"SciFi",23.9,24.9,25.9,76.4087046854801,76.5768061577621,92.3545577961471,1
905,"Comedy",23.7,24.7,25.7,41.4291736504934,83.0603405459674,69.2614534649553,0
906,"Comedy",22.8,23.8,24.8,58.2075162364405,82.0257174308292,103.835094845346,0
907,"Comedy",19.9,20.9,21.9,64.4168554040193,97.7613575045295,101.960465328738,0
908,"Comedy",23.3,24.3,25.3,41.2915843906712,78.8130489208327,101.812913169584,0
909,"Action",13.8,14.8,15.8,61.4500763016547,85.5993809234364,90.8324903476979,0
910,"Drama",14.6,15.6,16.6,69.8228415215709,92.9082833235335,90.1511790553528,0
911,"SciFi",24.7,25.7,26.7,59.4052601647075,87.8960839857966,89.6187743527162,0
912,"Romance",18.2,19.2,20.2,61.6006365435962,69.3376074318317,88.3093812925857,1
913,"Comedy",21.1,22.1,23.1,61.3555861552523,92.0323161629725,87.4917113210053,0
914,"Comedy",27.3,28.3,29.3,63.7061720966641,78.9215562640132,79.212435151903,0
915,"Comedy",18.4,19.4,20.4,67.1097563235044,92.5192023041195,91.256515590049,0
916,"Drama",15.8,16.8,17.8,59.2964521978025,84.8949721500732,88.3225526903325,1
917,"Action",8.1,9.1,10.1,40.7412351224788,70.1523555576528,88.8283665016805,0
918,"Comedy",19.3,20.3,21.3,75.9853254530445,87.2641675661846,92.068074660549,1
919,"Drama",19.3,20.3,21.3,53.2320849683487,75.1851506649019,80.1629646218609,0
920,"Action",23.8,24.8,25.8,56.1973089021443,90.0237132907946,90.0061460829309,0
921,"SciFi",17.9,18.9,19.9,56.3308875553402,71.937003312388,83.3092455292461,0
922,"Comedy",18.8,19.8,20.8,63.1710173345593,87.3873392521764,80.9116126856935,0
923,"Action",19.5,20.5,21.5,59.8148816711787,55.9418155229823,78.9380037351162,0
924,"Action",21.4,22.4,23.4,65.0303728530193,72.5344430077673,82.3870670245957,0
925,"Comedy",22.5,23.5,24.5,56.4329489588117,75.39542492577,96.1067762655289,1
926,"Drama",17.3,18.3,19.3,61.4326664386836,66.3524271655565,82.1620775522123,0
927,"Romance",21.1,22.1,23.1,63.7964724054352,93.5021850323453,86.8747213453578,0
928,"Drama",21.4,22.4,23.4,68.5809153997045,75.3941586834849,94.1291503575057,1
929,"Drama",20.3,21.3,22.3,55.4761645392203,60.1873656875755,88.7109678107129,0
930,"Action",25.6,26.6,27.6,64.1223712712316,73.4430051582148,93.0905434695016,1
931,"Action",12.9,13.9,14.9,65.0599871058557,90.1909467818327,83.1679838395539,0
932,"Drama",22.5,23.5,24.5,60.7551887927042,61.2489082176623,69.9205826099369,0
933,"Drama",24.9,25.9,26.9,58.65484387555,73.2478267446276,69.5204994396314,0
934,"Action",15,16,17,71.4385603935535,87.7009410189028,99.1817955280216,1
935,"Comedy",20.6,21.6,22.6,63.8666452800941,66.689875613633,74.4236568548822,0
936,"Romance",16.1,17.1,18.1,33.4918849335287,73.6583393726242,101.580717643378,1
937,"Drama",18.6,19.6,20.6,59.2512712149777,81.5402930451837,98.5792777351138,1
938,"Action",20.1,21.1,22.1,56.656511669684,81.536158970541,79.5183721203231,0
939,"Drama",19.3,20.3,21.3,63.0395187737944,93.0924882841261,90.1982654985285,0
940,"Comedy",27.8,28.8,29.8,65.1878280641049,76.9794638002754,109.756284316266,1
941,"Comedy",19.6,20.6,21.6,64.957605494829,76.386890574264,88.3932967962243,0
942,"SciFi",14.6,15.6,16.6,67.924869212767,73.8877011127461,98.9871327531907,1
943,"Action",17,18,19,49.889554124228,89.2961511297627,85.3877266087106,0
944,"Action",18.7,19.7,20.7,45.2259048138914,67.479010215193,95.2017659855931,1
945,"Drama",18.2,19.2,20.2,59.453892156112,86.5962497908933,89.89390172759,0
946,"Drama",22.5,23.5,24.5,58.2433918114678,81.2632936203399,112.105883375742,0
947,"Comedy",17.3,18.3,19.3,68.151389600821,82.578675263351,78.6704016467787,0
948,"Drama",22.2,23.2,24.2,73.690418748291,105.775753477397,88.1451670985575,0
949,"SciFi",18.7,19.7,20.7,59.7262103740066,83.4634448253794,89.6659565417238,1
950,"Drama",15.4,16.4,17.4,43.3613897986977,68.8574839252449,81.7493256032795,0
951,"Action",19.7,20.7,21.7,74.4112104189437,65.4298410059618,80.9163362112849,0
952,"Action",17.5,18.5,19.5,65.0177933254926,79.0000769986072,79.8187032069495,0
953,"Comedy",20.1,21.1,22.1,59.1576357906184,101.055019158934,100.026144203731,0
954,"Action",26.5,27.5,28.5,68.2555859500137,63.3364168506432,88.9844975438213,0
955,"Comedy",19.6,20.6,21.6,61.2325488193503,93.6277573908624,98.8175229443538,0
956,"SciFi",19.4,20.4,21.4,84.8265889982863,93.933842272055,76.9883489111143,0
957,"Romance",14.1,15.1,16.1,54.8996936047048,65.6142963877378,75.8671999744353,0
958,"Drama",20.9,21.9,22.9,62.1308242971861,83.8544456690591,89.8745410558251,0
959,"Action",19.3,20.3,21.3,49.792403738422,104.972360639847,92.1217706884627,1
960,"Drama",25.9,26.9,27.9,46.9414868463012,79.6820694614891,92.0808919597848,1
961,"Action",12.2,13.2,14.2,68.0655512994374,102.714636965078,88.1364277764283,0
962,"Action",16.7,17.7,18.7,73.8650358991668,69.0150975812043,96.6068893108823,0
963,"Comedy",17.9,18.9,19.9,68.1738454049866,79.3847563263123,88.6141370301752,0
964,"SciFi",20.3,21.3,22.3,46.9096254193091,72.0865479502351,75.3136220142321,0
965,"Comedy",17.5,18.5,19.5,65.0062841130811,90.6270806769595,94.4527286484848,0
966,"Action",20.8,21.8,22.8,51.1453591315195,72.1817724706347,88.6255886076,0
967,"Drama",29.9,30.9,31.9,65.5049020605253,95.0738221954264,79.9266756233486,0
968,"Action",18.5,19.5,20.5,39.2902108390702,66.878484785519,84.4578101008449,0
969,"Action",20.4,21.4,22.4,73.1760387194805,82.4029901147268,86.0976032423622,0
970,"Comedy",17,18,19,79.6052024947048,94.9204109928677,113.637215916836,1
971,"Drama",24.3,25.3,26.3,62.7799096735372,95.5533677947613,74.9716759240368,0
972,"Romance",15.1,16.1,17.1,74.0307662058557,82.0613278820044,87.5628815811766,1
973,"Comedy",18.3,19.3,20.3,53.4043920218367,61.0071006812392,121.698064093681,1
974,"Drama",21.1,22.1,23.1,59.0723527975015,70.4296312995631,74.9076666810928,0
975,"SciFi",23.4,24.4,25.4,69.1477343890396,85.9980089269036,76.1343877135705,0
976,"Action",21,22,23,61.44037562358,74.3849192052782,88.197142742193,0
977,"Drama",22.6,23.6,24.6,48.3421535539186,94.0164752835017,76.4818458959874,0
978,"Action",14.4,15.4,16.4,58.9538656834726,96.6281027292541,107.065096410574,0
979,"Drama",17.7,18.7,19.7,57.059326934757,66.5916397761403,80.6189825331454,1
980,"Action",19.6,20.6,21.6,56.4382224685174,60.3629201576409,94.2948162139716,1
981,"Drama",24.2,25.2,26.2,68.7852655516609,74.1473766326558,89.72549344657,0
982,"Action",19.9,20.9,21.9,76.0803350434578,80.3078924404571,90.4322465831925,1
983,"SciFi",19,20,21,63.1046440598135,63.3000861172055,83.515613195902,1
984,"Drama",20.3,21.3,22.3,64.5403896814322,63.6930142711435,63.6436713074396,0
985,"SciFi",15.6,16.6,17.6,67.6847884704232,82.599577610968,73.6312777865333,0
986,"Comedy",14.3,15.3,16.3,60.7350519549422,68.1811945309236,68.4033634288438,0
987,"Action",21.7,22.7,23.7,83.1491210119702,86.9796228376469,85.3706894743967,0
988,"SciFi",16.4,17.4,18.4,63.6615000281909,74.0336383235723,101.573213496058,0
989,"Drama",21.2,22.2,23.2,64.1655992692849,84.5859352305017,89.2660221341738,0
990,"Drama",14.9,15.9,16.9,77.525283561615,90.040026872838,99.0385595750473,0
991,"Action",17.1,18.1,19.1,38.2924527425613,79.7097077277061,79.2031246560299,0
992,"Romance",20.2,21.2,22.2,65.5877760833955,71.756622492214,76.5188670432982,0
993,"Romance",15.4,16.4,17.4,56.8178342594338,95.8956212033732,95.9577609310283,0
994,"Drama",19.3,20.3,21.3,55.4596409529436,61.0445695727676,71.4339081933833,0
995,"Comedy",20.9,21.9,22.9,59.5184409786103,80.4130289402868,72.5892733278414,0
996,"Drama",26.4,27.4,28.4,86.35071865233,78.5782329960077,87.3237756537577,1
997,"Drama",17.4,18.4,19.4,65.2102688543403,75.0937101919414,76.3894231462539,0
998,"Comedy",21.8,22.8,23.8,57.6764003645723,72.6070239023143,68.874193611193,0
999,"Comedy",22.8,23.8,24.8,48.9835316274867,88.4114296423976,99.5155392239082,0
1000,"Comedy",29.3,30.3,31.3,81.6440212665017,77.1625864623551,81.5643624635456,0
