"id","age","rec_syst","genre_preference","baseline_i","major_release","past_minutes_viewed","subscription","device_type","alive_i","minutes_viewed"
1,18.2,1,"Drama",1,"sports",27.350118071982,1,"Mobile",0,87.0562657366331
2,15.2,0,"Comedy",1,"celebrity",12.2728046102416,0,"Mobile",0,77.6278267103683
3,20.2,0,"Action",1,"sports",36.8710800314922,0,"Tablet",0,77.1745706055533
4,22.6,0,"Comedy",1,"celebrity",31.7062855362738,0,"Tablet",0,83.2160189238381
5,16.9,1,"Comedy",1,"news",26.7629104532862,1,"PC",0,70.7498855184756
6,18.5,1,"Comedy",1,"celebrity",43.1389540828069,0,"PC",0,93.4356959773591
7,18.1,1,"Action",1,"celebrity",32.3446701228953,0,"TV",0,101.518576106855
8,22.9,1,"Action",1,"celebrity",35.6475654207541,0,"TV",1,97.6662685187154
9,19.9,0,"Comedy",1,"news",24.962122685653,1,"PC",1,104.427756797082
10,14.5,1,"Comedy",1,"sports",37.0241605904983,1,"Mobile",1,90.5840480547668
11,16.1,0,"Action",1,"politics",20.7632358777986,1,"PC",1,85.3864237769941
12,17.8,0,"Drama",1,"news",29.6696050384916,0,"PC",0,96.7068534730561
13,20.5,1,"Comedy",1,"news",49.369823698817,0,"Mobile",0,88.0459305747983
14,19.5,0,"Romance",1,"sports",34.9398016120937,1,"PC",1,80.8832972870043
15,14.7,1,"Drama",1,"celebrity",20.1754826093238,1,"Mobile",1,102.295171603776
16,20.7,1,"Comedy",1,"celebrity",26.0454813672604,0,"Mobile",1,102.060798438334
17,20.6,0,"Comedy",1,"politics",18.3657865240907,1,"PC",0,68.9065262246792
18,20.1,0,"Action",1,"celebrity",29.3640765857389,1,"Tablet",1,87.7627511694536
19,11.8,1,"SciFi",1,"politics",19.2474783473595,1,"Mobile",1,89.3007411226893
20,20.9,1,"Action",1,"celebrity",37.6714328365941,0,"Tablet",1,107.75957166498
21,30.7,1,"Comedy",1,"celebrity",24.5830197920609,1,"TV",1,98.6974982407679
22,15.1,1,"Drama",1,"politics",41.4119169338798,0,"Mobile",1,91.2749792093539
23,23.3,0,"Action",1,"tech",15.3454426714665,0,"TV",0,67.2476559599236
24,22.1,0,"Action",0,"tech",26.4528975853992,0,"Mobile",0,64.7402375602245
25,17.4,0,"Drama",1,"celebrity",20.2590305436116,0,"Mobile",0,61.0618056310073
26,22.4,0,"Action",1,"politics",42.7394606804556,0,"Mobile",0,64.5878918915858
27,12.9,0,"Action",1,"sports",30.5427771332105,1,"PC",1,100.240979354231
28,21.3,1,"Comedy",1,"sports",36.473285567945,0,"Mobile",0,82.045923317754
29,22.2,0,"Action",1,"celebrity",10.4343118140025,0,"Mobile",1,91.432312759142
30,24.9,1,"Action",1,"politics",35.2067105726968,0,"TV",1,106.353095595503
31,19.2,1,"Romance",1,"sports",43.1477258776911,1,"Mobile",0,84.1267373566113
32,22.8,0,"Action",0,"celebrity",23.9742499071452,1,"TV",0,87.2722844135259
33,17.2,1,"Action",1,"sports",24.3684349373743,0,"Mobile",1,98.3248002919255
34,18.1,1,"Drama",1,"politics",40.1909708717902,0,"Mobile",0,78.0930362279546
35,12.9,0,"SciFi",1,"celebrity",23.0139176531295,1,"PC",1,97.8592424938302
36,20.8,0,"Drama",0,"celebrity",10.8619030842683,0,"Mobile",1,95.9766866064431
37,18.5,1,"Action",0,"sports",33.0837814602488,0,"Mobile",0,75.7100333145445
38,24.2,0,"Romance",1,"news",53.9304661044319,0,"Tablet",0,98.5251269487401
39,17,1,"Comedy",1,"sports",24.9501455084396,0,"Mobile",1,117.668432430662
40,14.6,1,"Comedy",1,"celebrity",20.2739958286454,0,"PC",0,94.1723968354011
41,17.9,1,"Comedy",1,"celebrity",21.723451828572,0,"PC",0,88.5034084429385
42,25.6,1,"Drama",1,"celebrity",33.6938667412078,1,"TV",1,84.0469441931854
43,20.7,1,"Comedy",1,"news",26.8341957934466,1,"Mobile",1,106.804062129152
44,19.8,0,"Action",1,"politics",41.1510665736072,1,"Mobile",1,70.8047097584784
45,19.1,1,"Comedy",1,"sports",45.2911165937505,0,"TV",0,82.5739968869397
46,25.9,1,"Drama",1,"sports",24.1527269093248,1,"Mobile",0,76.7964832430301
47,20.9,0,"Action",1,"tech",16.7107307274429,1,"TV",0,62.8443756161818
48,20.4,0,"Comedy",1,"tech",27.7952062942484,0,"Mobile",1,69.3942957115086
49,14.5,1,"Action",1,"politics",27.5197310642171,1,"Tablet",1,83.0326457816686
50,16.1,1,"Drama",1,"news",42.0390114231374,0,"Tablet",0,87.9583256622834
51,21,0,"Drama",1,"news",27.7858086993872,1,"Mobile",1,108.476710763516
52,15.6,1,"Romance",1,"sports",39.7927816100817,0,"PC",0,74.1066966550239
53,21.6,0,"Comedy",0,"celebrity",37.3098920591122,0,"Mobile",0,84.9604520850978
54,16,0,"Action",1,"celebrity",31.014340917181,1,"Tablet",0,91.8687001368376
55,20.4,0,"Comedy",0,"sports",36.8284323560821,0,"PC",0,101.110442060219
56,23.8,1,"Drama",1,"sports",22.6465921293642,0,"Tablet",1,100.90663148098
57,12.8,0,"SciFi",1,"politics",47.0715970330852,0,"Tablet",1,90.7141738551131
58,21.2,1,"SciFi",1,"sports",42.6120777131603,1,"PC",1,106.645127119473
59,30.2,0,"Action",1,"politics",21.8436849433085,1,"TV",0,71.7557002414838
60,16.6,1,"Action",1,"news",39.3704051593301,0,"PC",1,107.396406703727
61,22.2,0,"Comedy",1,"politics",36.9881103280286,1,"PC",0,82.3366040094296
62,18.4,1,"Romance",1,"celebrity",25.1552552285139,0,"Mobile",0,97.818170121863
63,24.9,0,"Romance",1,"news",35.699904549326,0,"PC",1,105.427428981255
64,24.8,0,"Action",1,"politics",29.9318932653153,1,"PC",1,96.5069724219245
65,18,1,"SciFi",1,"celebrity",21.2855648327429,1,"Mobile",1,114.639266486857
66,18.8,0,"Comedy",1,"sports",46.3668432093277,0,"PC",0,94.4559568076966
67,17.7,0,"Drama",0,"sports",25.4140227076236,0,"TV",1,95.9431387101105
68,26.5,0,"SciFi",1,"celebrity",24.2571839074471,1,"Mobile",1,94.8098672678559
69,16.2,0,"Comedy",1,"sports",34.7988373384421,0,"PC",0,86.7769782575373
70,20.2,0,"Drama",1,"celebrity",33.5546194478417,1,"Tablet",1,77.4785552535959
71,14,1,"Action",1,"celebrity",40.9751102545446,0,"Tablet",0,95.27825207161
72,22.6,0,"Comedy",1,"politics",19.2503726497953,1,"Mobile",1,68.6054293616759
73,21.1,1,"Comedy",1,"celebrity",19.6845630062532,0,"TV",0,82.9213701177554
74,25.6,1,"Action",1,"politics",20.7305925113739,0,"PC",0,70.729955371495
75,19.4,0,"Comedy",1,"sports",35.0877324258526,0,"PC",0,89.786214975088
76,18.2,0,"SciFi",1,"sports",47.5832659584039,0,"Mobile",1,126.704836011046
77,20.7,0,"Drama",1,"news",36.1448745006368,0,"Mobile",0,85.1139048382991
78,25.6,0,"Action",1,"news",28.3384388935669,0,"Mobile",0,69.3007834987714
79,22.9,0,"Action",1,"celebrity",21.5839377741843,1,"Mobile",1,97.6581081628577
80,21.3,0,"Drama",1,"tech",24.8166104432962,0,"PC",0,78.2505917627665
81,24.7,1,"Romance",1,"celebrity",40.4140732511809,1,"Mobile",1,108.251861871515
82,21,0,"Action",1,"news",39.2136712841399,0,"Tablet",0,99.6039594836498
83,18.6,1,"SciFi",1,"celebrity",25.7750101715275,1,"PC",1,101.714751779906
84,25.5,1,"Drama",1,"sports",33.5339090702685,0,"Mobile",0,84.8225376832464
85,21.6,0,"Comedy",1,"sports",39.444788412801,1,"PC",0,87.1627333952964
86,19.5,1,"Comedy",1,"tech",23.3921327933146,0,"Mobile",0,67.4612285532017
87,19.7,0,"Romance",1,"politics",35.642111661655,0,"PC",0,77.0652512549385
88,10.7,0,"Romance",0,"tech",58.8512536139859,0,"Mobile",1,105.655864901466
89,15.8,0,"SciFi",1,"sports",36.7309217216168,0,"TV",1,89.0920664622842
90,28.2,0,"Drama",1,"politics",29.193399949111,0,"PC",0,67.7476812563009
91,27.9,1,"SciFi",1,"politics",27.4695990258102,1,"Tablet",1,95.428840191541
92,12.3,1,"SciFi",1,"sports",25.7206918414456,0,"Tablet",1,117.456029907452
93,21.8,0,"Drama",0,"politics",35.9779075868029,0,"Tablet",1,84.1899600689195
94,19.4,1,"Comedy",1,"celebrity",31.5788878187138,0,"Tablet",0,99.1381853085131
95,19.6,0,"Comedy",1,"celebrity",28.2069377528475,0,"TV",0,68.5712392796287
96,21.9,0,"Action",1,"sports",19.6330024031758,1,"Tablet",1,95.7768138704884
97,21.8,0,"Drama",1,"politics",33.4007672788155,0,"Tablet",0,66.7014187114826
98,23.3,0,"Drama",1,"sports",27.1098379734705,1,"Mobile",1,115.554491491697
99,18.5,1,"Comedy",1,"celebrity",33.7119955679255,0,"Tablet",0,78.0183176961623
100,28.1,0,"SciFi",1,"news",32.0571338410449,0,"TV",1,104.972385674028
101,14.5,0,"Comedy",1,"celebrity",36.1822452999376,0,"Mobile",0,69.6919997203451
102,20.7,0,"SciFi",1,"celebrity",18.0254524650974,0,"PC",0,57.0553987763934
103,19.5,1,"Drama",1,"celebrity",36.8148339868755,1,"Tablet",0,101.361447320057
104,23.4,0,"Comedy",1,"politics",35.7930999746938,1,"Tablet",1,77.0608842879759
105,20.5,0,"Drama",1,"politics",20.4233639906896,0,"TV",1,75.0041736105833
106,20.8,1,"Action",0,"tech",20.7266863998638,1,"Tablet",1,115.586682323536
107,21.6,1,"Drama",1,"celebrity",10.973386582455,0,"Tablet",0,85.0826390951826
108,11.1,1,"Drama",1,"news",34.2192240463476,1,"Mobile",1,91.6352110364022
109,24.1,1,"Comedy",1,"news",27.3872085641723,0,"TV",1,94.2298362501432
110,24.8,0,"Action",1,"sports",18.9522582042379,1,"TV",1,83.9349026963207
111,23,1,"Comedy",1,"sports",32.374475930733,1,"Tablet",1,113.571344750435
112,18.8,1,"Comedy",1,"sports",12.7525572047931,1,"TV",1,93.6827979733617
113,19.1,1,"Action",0,"politics",14.4295811080464,0,"PC",0,79.8388757323377
114,19.5,0,"Action",1,"politics",30.3649095659374,0,"TV",1,66.5784877568924
115,27.3,1,"Romance",1,"celebrity",28.7083605347662,0,"Mobile",1,109.668302174265
116,18,1,"Comedy",0,"sports",21.9928702831758,1,"TV",1,95.5954947409053
117,21.2,1,"SciFi",1,"celebrity",41.6309162011363,1,"TV",1,98.5786015922296
118,14,0,"Romance",1,"celebrity",62.166472868967,0,"TV",0,77.5150126384296
119,26.5,0,"SciFi",1,"sports",17.2174984815046,1,"Mobile",1,70.6047852346301
120,20.9,1,"Drama",1,"celebrity",29.7166185255127,0,"TV",1,81.5675629139118
121,22.3,0,"Drama",0,"celebrity",28.9151932378462,0,"Tablet",0,85.0450990393657
122,18.7,0,"Comedy",1,"celebrity",34.4514716567138,0,"Mobile",0,69.0373607122346
123,21.8,0,"Romance",1,"celebrity",27.7419146750703,1,"Mobile",1,96.8189231568072
124,24.3,1,"Romance",1,"celebrity",27.8625691522899,1,"TV",1,98.2069478864539
125,21.3,1,"Action",1,"sports",21.7949156308289,1,"Tablet",1,96.7317861733467
126,17.3,1,"Comedy",1,"celebrity",30.5882318435553,0,"Mobile",0,77.6958553712742
127,16.7,0,"Comedy",1,"sports",25.4436158362205,0,"Mobile",0,75.864224294036
128,14.7,1,"Drama",1,"politics",11.6292833910218,0,"PC",1,80.0091371777875
129,20.9,1,"Comedy",1,"celebrity",25.5606744271083,0,"TV",0,90.2968141292765
130,17.3,1,"Drama",1,"celebrity",38.689847124985,1,"PC",1,87.7823285993097
131,18,0,"Drama",1,"celebrity",32.4919628443769,0,"Tablet",0,76.2377912078971
132,23.2,0,"Drama",1,"celebrity",25.6961269083889,0,"Mobile",0,68.7887848187186
133,24.2,0,"SciFi",1,"politics",16.4945902760099,0,"TV",0,69.5948234286265
134,20.7,1,"Comedy",0,"sports",26.0791500954387,0,"Mobile",1,88.4002436668396
135,20,1,"Action",1,"sports",47.5529073825405,1,"Mobile",0,84.2267216061944
136,17.9,1,"Action",0,"celebrity",42.8030274678351,0,"Tablet",0,77.1290937118702
137,24.5,0,"Comedy",1,"sports",35.7414924425154,1,"Mobile",1,88.7705959510506
138,14.1,1,"Drama",1,"politics",18.3687463310882,0,"TV",0,71.3273048880853
139,14.4,1,"Comedy",1,"sports",42.9617815560347,1,"Mobile",1,122.012044344579
140,20.4,0,"Drama",1,"celebrity",34.6924761518515,0,"PC",0,81.3781230374773
141,21,0,"Action",1,"tech",17.7340544209044,1,"Mobile",1,87.7774104342345
142,22,1,"SciFi",1,"politics",15.0552404618026,0,"TV",0,71.4616443425344
143,16.7,1,"Comedy",1,"politics",25.8266123057836,1,"Mobile",0,56.9417085728451
144,23.6,1,"Comedy",1,"sports",42.41399041383,1,"Mobile",0,85.4391428442279
145,15.3,1,"Comedy",1,"celebrity",15.3369009332616,1,"Tablet",0,92.7735343900361
146,18.6,1,"Comedy",1,"sports",42.8758300719231,1,"Tablet",1,102.76417326049
147,24.9,0,"Comedy",1,"celebrity",30.197920949782,1,"TV",0,68.7412668351589
148,26.8,0,"Comedy",1,"sports",36.9866340700891,0,"PC",1,90.0221990387473
149,20.1,0,"Drama",1,"politics",41.2766115529735,0,"Mobile",1,85.5602628651304
150,22.8,0,"Comedy",1,"news",27.1978145155501,1,"PC",1,103.350163996859
151,16.2,1,"Comedy",1,"news",28.3458695118368,0,"PC",0,87.3518498566492
152,23.2,0,"Romance",1,"sports",24.1478940982492,0,"TV",0,59.1110398433423
153,20.4,1,"Comedy",1,"politics",30.1484817593937,1,"Mobile",1,82.6788150058923
154,25.3,0,"SciFi",0,"sports",47.5624441441182,0,"Mobile",1,91.3183623398351
155,19.9,0,"Action",1,"politics",10.8711723133975,1,"Mobile",0,62.3915213396055
156,12.7,1,"Comedy",1,"sports",38.9741669168757,0,"Tablet",0,75.4471858241482
157,16,0,"Action",1,"news",23.4897048643123,1,"Tablet",1,84.8336917474399
158,21.2,0,"Drama",1,"sports",27.6060124092258,1,"PC",1,95.5118895835513
159,20.5,1,"Drama",0,"celebrity",34.317215151103,0,"Mobile",0,81.1206434209825
160,15.7,1,"Drama",1,"sports",19.8756144700117,1,"PC",1,109.700484906949
161,20.7,1,"Action",1,"sports",38.612613127863,0,"PC",1,96.9682285782456
162,23.7,0,"SciFi",1,"sports",20.1523749137044,1,"TV",0,64.4943828724776
163,28,1,"Action",1,"sports",31.9126981992754,0,"TV",0,67.926348420478
164,18.8,0,"Romance",1,"politics",32.4786318069241,1,"Tablet",1,78.9825134376281
165,18.3,0,"Comedy",1,"sports",33.5434579315908,0,"Mobile",0,72.5274804739581
166,18.8,1,"Action",1,"sports",42.5551705342841,0,"Mobile",0,92.1685377735205
167,21.6,1,"Romance",1,"sports",21.0167302676706,0,"Mobile",0,91.687876469948
168,21.9,1,"Action",1,"news",34.7728888065909,1,"PC",1,85.7480389710125
169,17.5,0,"Action",1,"celebrity",48.9978828401152,0,"TV",1,90.0107292027037
170,20,1,"Action",1,"celebrity",39.7279178588034,1,"Mobile",0,107.854073539561
171,21.4,1,"SciFi",1,"celebrity",8.66515431759489,0,"PC",0,63.1799241825815
172,16.9,0,"Action",1,"sports",27.3208565043755,0,"TV",0,71.4761153087486
173,19.3,1,"Action",1,"sports",36.8266305689891,0,"TV",1,127.599813636831
174,16.7,1,"SciFi",0,"tech",27.2821455420731,0,"Tablet",0,63.4933842901318
175,14.8,0,"Action",1,"celebrity",42.4823395107151,0,"PC",0,91.6926817428875
176,15.2,0,"Drama",1,"sports",22.525742758296,0,"TV",0,69.318738056547
177,27.6,1,"Action",1,"celebrity",39.5338074255855,0,"PC",0,84.309296423934
178,24.9,1,"Drama",1,"sports",48.1117928026819,1,"PC",1,106.418546013449
179,20.9,0,"Drama",1,"politics",34.643965086352,0,"Mobile",0,71.2283639416586
180,19.3,1,"Romance",1,"sports",26.0184378076724,0,"PC",0,79.5222793314222
181,26.7,1,"SciFi",0,"sports",42.1442592578975,0,"Mobile",0,100.461877850848
182,24.1,0,"Comedy",1,"sports",25.6960864155801,0,"Mobile",1,85.3048905339271
183,26,0,"Drama",1,"politics",33.5609577418216,0,"Mobile",0,71.770914631225
184,24.4,1,"Romance",1,"celebrity",49.2449608031857,0,"TV",1,126.004575066893
185,22,0,"Drama",1,"politics",14.0704503914026,1,"Tablet",1,98.5831907362738
186,20.2,1,"SciFi",1,"sports",15.4372765163649,0,"TV",1,107.435531756975
187,17.9,1,"Drama",1,"celebrity",25.2432888150744,0,"TV",0,92.7315697376677
188,23.3,0,"Drama",1,"news",41.7322497763859,1,"Tablet",0,81.4933717867673
189,24.4,0,"Comedy",0,"sports",9.93930123552945,0,"Mobile",0,70.3631990590773
190,18.4,1,"Drama",1,"sports",42.3154801839789,1,"Tablet",1,101.513325929623
191,18.6,1,"Comedy",0,"celebrity",36.4399817333771,0,"Tablet",1,127.656631066438
192,15.4,1,"Action",1,"sports",20.3259513450188,1,"Mobile",1,87.193621681775
193,17.2,0,"Comedy",1,"celebrity",33.3243594262331,0,"Mobile",0,69.4101468242772
194,21.4,0,"Comedy",1,"sports",44.7765796722334,1,"PC",1,107.471176631704
195,21.7,0,"SciFi",1,"news",32.6476476106912,0,"PC",0,82.4186280837948
196,26.6,1,"Drama",1,"politics",38.11221849578,1,"Mobile",1,95.2506035606351
197,22.3,0,"SciFi",1,"sports",23.1729372020408,0,"PC",0,87.0467104588946
198,20.6,0,"Action",1,"celebrity",39.1999052288624,1,"TV",1,89.7461677791766
199,21.4,1,"Romance",1,"celebrity",21.1941186126734,1,"Mobile",1,89.7404832543631
200,16.3,1,"Comedy",1,"sports",21.623433744779,0,"PC",0,81.8274303609885
201,23.7,0,"SciFi",0,"politics",24.4379966997875,0,"TV",0,77.2110413587786
202,22.9,0,"Comedy",1,"celebrity",20.3652315224258,0,"PC",0,89.6930407126734
203,13.3,1,"Action",1,"celebrity",6.26682072445201,0,"Mobile",0,90.7852343277913
204,19.1,0,"Action",1,"sports",16.396262474215,0,"TV",1,103.212335242008
205,17.4,0,"Drama",1,"sports",33.6912652707778,1,"Tablet",1,96.0129838855527
206,19.7,0,"Comedy",1,"celebrity",39.6354649685197,0,"PC",0,74.9605451600915
207,20.6,0,"Action",1,"news",19.2450657423226,0,"PC",0,60.4895051876316
208,19.6,1,"Comedy",0,"news",11.4880797552307,0,"TV",1,102.902008069071
209,23.8,0,"Romance",1,"news",33.2283064666419,1,"PC",0,90.2198030920073
210,17.5,1,"Comedy",1,"politics",26.6032244084494,1,"Mobile",1,92.2419578029562
211,19.3,0,"Action",0,"celebrity",36.4127478465094,0,"TV",1,95.0690322475473
212,23.2,0,"Comedy",1,"politics",34.1961628698543,1,"Mobile",1,91.9678382118604
213,19.4,0,"SciFi",1,"sports",39.4965445852096,1,"TV",0,54.0502238566561
214,11.7,0,"SciFi",0,"celebrity",17.71695997471,0,"TV",0,62.6611915627321
215,17.1,0,"Comedy",1,"politics",26.2520184332682,0,"Mobile",1,69.2105593609722
216,13.5,1,"Action",1,"celebrity",33.9732544184255,0,"Mobile",1,92.3989212600374
217,19.8,0,"Drama",1,"celebrity",28.7969037102368,1,"PC",1,90.4541582045507
218,18,1,"Action",1,"sports",23.6928979823881,1,"Mobile",1,92.3702688066513
219,18.4,0,"Comedy",1,"sports",46.4351954643187,1,"Mobile",1,94.0484268298947
220,18.1,1,"Action",1,"celebrity",26.6572343678636,1,"TV",1,100.178291224363
221,13.9,0,"Comedy",1,"tech",27.4414744236949,0,"Mobile",0,60.0329687772411
222,16.8,1,"Comedy",1,"sports",18.9958375673874,0,"TV",0,68.6305003380706
223,13.4,0,"Comedy",1,"sports",38.9022634570815,1,"TV",1,106.809325153212
224,22.7,0,"Comedy",1,"politics",29.5811491826258,0,"PC",0,69.6800719000712
225,25.5,1,"SciFi",1,"celebrity",48.665110680218,1,"TV",1,90.0224631987187
226,20,0,"Romance",1,"politics",39.8674061102184,1,"Mobile",1,99.1564490507731
227,14,0,"SciFi",1,"news",29.5977544070728,1,"Tablet",1,88.6939998686374
228,22,1,"Drama",1,"celebrity",48.5334748875145,0,"TV",1,89.4019696339336
229,23.4,1,"Drama",1,"politics",22.5707657104051,0,"PC",1,102.153969031034
230,17.9,0,"Action",1,"celebrity",27.2101174688665,1,"Tablet",1,106.336878181705
231,16.6,0,"Comedy",1,"tech",32.6096364971558,0,"TV",0,81.4602734746554
232,16.7,0,"Comedy",1,"tech",24.8688631731979,0,"TV",0,59.4791048529488
233,28,0,"Comedy",1,"politics",41.8567904853938,1,"PC",1,99.0608800396653
234,12.2,1,"Romance",1,"celebrity",35.8492653970302,1,"TV",1,83.4218004684273
235,17.5,1,"Action",1,"celebrity",39.7905411409689,1,"PC",1,103.394985667385
236,21.3,1,"Action",1,"celebrity",29.6340692952851,0,"TV",0,77.9679867877353
237,21.6,1,"Drama",1,"tech",15.344007598933,1,"PC",1,85.8048587004173
238,16.3,1,"Romance",1,"news",21.8687141910057,1,"Tablet",1,91.293311020149
239,28.4,1,"Comedy",1,"sports",19.6394754090065,1,"Tablet",1,110.434937607982
240,16.3,0,"Romance",1,"sports",27.8346355846181,0,"Mobile",0,73.3899823871403
241,16.8,0,"SciFi",0,"celebrity",24.4052403716149,0,"Mobile",0,75.7228265132667
242,22.9,0,"Drama",1,"tech",26.1545753286486,0,"Tablet",0,68.050672551602
243,19.9,0,"Comedy",1,"celebrity",29.7121362809122,0,"PC",1,82.6466222462497
244,22.8,0,"Romance",1,"politics",37.5658176157709,0,"Mobile",0,75.4510976966674
245,19.8,0,"Action",1,"celebrity",16.6784366579379,1,"PC",1,94.4028257953069
246,20.4,0,"Comedy",1,"news",21.8674771346988,1,"Mobile",1,112.565631685413
247,21.9,0,"Comedy",1,"tech",43.3054000978374,0,"Tablet",0,58.5253015924193
248,21.9,0,"Action",1,"celebrity",26.2367497609739,0,"Tablet",0,85.6939321774823
249,20.4,1,"Drama",1,"sports",34.8982736957839,0,"PC",0,105.133135758716
250,15.7,0,"Drama",1,"tech",34.4451769090353,1,"PC",1,81.1931644150454
251,22.4,1,"Drama",1,"news",34.0896538668399,0,"Tablet",0,95.2190124276513
252,19.5,1,"Action",1,"celebrity",34.9425077137812,0,"Mobile",1,120.638466782871
253,22.3,0,"Drama",1,"sports",30.8414928500727,0,"PC",0,84.6071532459369
254,23.7,0,"Drama",1,"news",34.9208124814381,0,"Tablet",0,102.356233590994
255,18.6,0,"SciFi",1,"celebrity",35.1850368790085,0,"Tablet",0,98.3569658579296
256,22.4,0,"Comedy",1,"celebrity",17.0326154284682,0,"Mobile",0,80.8690807804709
257,17.5,1,"Drama",1,"celebrity",43.6754940454528,1,"Tablet",1,83.3533435398971
258,20.9,1,"SciFi",1,"celebrity",13.7309169632094,1,"PC",0,95.8174181838091
259,12.8,1,"Comedy",1,"sports",29.668154675373,0,"TV",0,81.3533790155694
260,24.2,0,"Comedy",1,"celebrity",41.0865809624081,1,"Tablet",0,98.1195371345224
261,17.4,0,"Action",1,"celebrity",31.2429112698278,0,"Tablet",0,76.8380028073681
262,14.7,1,"Comedy",1,"politics",20.6203799483745,0,"TV",0,71.5862364309599
263,18.6,0,"Action",0,"sports",37.2752442461082,1,"TV",1,89.1878616806741
264,28.3,1,"Action",1,"sports",35.8372122819615,1,"PC",1,105.611454145191
265,27.5,1,"Drama",1,"politics",17.0769684585646,0,"TV",0,90.2386654683311
266,20.5,0,"Action",1,"sports",29.6228739130301,1,"TV",1,91.9277726936764
267,20.6,0,"Action",1,"sports",54.6577576763368,1,"TV",0,97.4189449011987
268,23,0,"Comedy",0,"celebrity",46.5583733882675,1,"PC",0,72.0726208154288
269,26.7,0,"Romance",1,"news",18.1263534298483,1,"Tablet",1,84.524082405337
270,21.2,1,"Drama",1,"news",47.0226387108355,0,"TV",0,112.861500029396
271,14.4,1,"Comedy",1,"politics",10.8608387322785,0,"TV",0,89.7837519677196
272,22.9,1,"Drama",1,"politics",36.0625020245079,0,"PC",0,88.9156467186991
273,23.4,0,"Action",1,"sports",25.7360815008306,0,"PC",0,63.9099833968902
274,18.2,1,"Drama",0,"tech",28.967919414565,1,"Mobile",1,101.202133145216
275,19.1,0,"Comedy",1,"sports",35.2670137228551,1,"TV",1,101.52123626914
276,17.2,1,"Drama",1,"sports",23.0036607625156,0,"Mobile",1,97.4227371028628
277,19.1,1,"Action",1,"politics",33.0439841868063,0,"PC",1,72.461408340548
278,18.3,0,"Comedy",1,"tech",40.171503492396,0,"Mobile",1,84.8790917572909
279,17.7,0,"Comedy",1,"sports",34.4497275688376,1,"TV",0,75.0821793385536
280,23.8,0,"Comedy",1,"sports",35.4930908815723,1,"PC",1,117.659164853905
281,21.8,0,"Comedy",1,"celebrity",33.9586051203892,0,"PC",0,82.5836072217587
282,24.2,0,"Comedy",1,"celebrity",11.419588780133,1,"Tablet",1,85.6697863635871
283,16.7,1,"Comedy",1,"celebrity",27.6746547944551,0,"TV",0,85.8271666427222
284,19.2,1,"Comedy",1,"news",30.4894153272532,0,"TV",1,111.882094921078
285,24.4,0,"SciFi",1,"news",19.1734736788207,1,"PC",0,81.5175155476493
286,27.1,1,"Drama",1,"politics",25.6503210525913,1,"Tablet",1,85.6085024450838
287,26.7,0,"Romance",1,"news",21.9516892291616,1,"PC",1,101.084485604098
288,15.1,0,"Romance",1,"news",42.2149181579419,1,"PC",1,92.2156092606778
289,28.1,1,"SciFi",1,"news",42.6127441732048,1,"TV",1,104.089337485617
290,18.9,1,"Action",0,"celebrity",23.3702947330689,0,"TV",0,74.154213245607
291,15.8,0,"Drama",0,"sports",26.6601176498094,0,"PC",0,67.2267997657083
292,18,1,"Drama",1,"news",26.215595414487,1,"Tablet",1,94.189314824832
293,18,1,"Action",1,"sports",48.333769875792,1,"Mobile",1,110.401656124314
294,12.9,1,"Action",1,"celebrity",32.5562360848607,0,"PC",1,113.183968529828
295,14.1,0,"Action",1,"politics",26.9415130502323,0,"Tablet",0,49.2960257258893
296,19.3,1,"Romance",1,"tech",50.1054284862895,0,"TV",0,87.2199759443821
297,18.8,1,"Comedy",1,"sports",28.0674407292746,0,"Mobile",0,84.311308352911
298,20.3,1,"Action",1,"sports",45.3668073211602,0,"Tablet",0,67.7336811327476
299,18.7,1,"Drama",1,"politics",48.5059024362296,0,"Mobile",0,70.4099429139634
300,18.1,0,"SciFi",1,"sports",43.4838646151193,1,"PC",1,107.426783383324
301,22.5,0,"Comedy",1,"celebrity",31.1197691045845,0,"PC",0,76.2448737605249
302,15.8,0,"SciFi",0,"sports",42.7320070482273,0,"TV",0,89.8609690947823
303,20.2,1,"Comedy",1,"celebrity",21.5724107024448,0,"PC",0,85.1385118021465
304,19.5,1,"Comedy",1,"celebrity",44.1143795825414,0,"Tablet",0,90.5180668344469
305,24.1,1,"Drama",1,"celebrity",44.1775110890492,1,"Tablet",0,79.4426234045984
306,17.8,1,"Action",1,"news",29.3772745377031,1,"Mobile",1,110.044417599712
307,13,0,"Drama",1,"politics",23.5018052938894,1,"Tablet",1,69.7913827031645
308,15.7,1,"Comedy",1,"sports",24.6676561122162,0,"Mobile",0,80.6295464186407
309,16.5,1,"Action",1,"sports",12.3522217870914,1,"TV",1,83.7540556575452
310,16.2,0,"Action",1,"celebrity",35.0732164175432,0,"Tablet",0,90.6844310817789
311,20,0,"Action",1,"tech",36.058934731328,0,"Mobile",0,76.1343312638198
312,25.2,1,"Romance",1,"tech",20.8924615467359,0,"Mobile",0,74.5659454768819
313,9.4,0,"Drama",1,"celebrity",43.0023333200597,1,"Mobile",0,79.0210543750784
314,20.6,1,"Action",1,"politics",53.33724983397,1,"PC",1,87.2987365397273
315,20.1,1,"Drama",1,"sports",26.9711540635676,0,"Mobile",0,83.9921376823212
316,18.9,1,"Comedy",1,"sports",18.3188378347826,0,"Tablet",1,100.104777919119
317,17.6,1,"Action",1,"sports",46.1121591563879,1,"TV",1,115.854707079161
318,19.6,0,"Comedy",1,"sports",13.1678204544539,0,"PC",1,80.7444422824911
319,15.2,0,"Drama",1,"politics",14.3793343163386,0,"Tablet",0,64.3930903351786
320,25.3,0,"Action",1,"politics",23.7731482056808,1,"Mobile",1,106.722800800804
321,18.2,1,"Comedy",1,"sports",17.7782206599511,1,"Mobile",1,101.775412418797
322,22.7,0,"Comedy",1,"tech",40.2480990763002,1,"Mobile",1,89.2978378020142
323,25.6,0,"Drama",0,"politics",34.7590805698183,1,"PC",1,76.6848796851858
324,14.2,0,"Action",1,"sports",22.8998906351142,0,"Mobile",1,99.4507403108103
325,22.5,1,"SciFi",1,"sports",38.7255630972177,0,"Tablet",0,81.6999568862343
326,23.6,1,"Drama",0,"news",41.1577159738101,0,"PC",0,83.5274421835248
327,22.4,1,"Comedy",1,"politics",32.0943467498366,0,"PC",0,77.8462576005948
328,20.4,0,"Comedy",1,"sports",25.1318138493739,1,"Tablet",1,91.6370106181506
329,26.4,1,"Action",1,"politics",44.6472093609425,0,"Tablet",0,78.2239951439346
330,18.1,1,"Romance",1,"celebrity",45.8394142612175,0,"Mobile",0,84.4752769962224
331,12.7,0,"Comedy",1,"celebrity",42.6867193488703,0,"TV",0,84.9250636581759
332,28.5,1,"Action",0,"politics",29.7667200706049,0,"TV",0,69.1200516545115
333,21.8,1,"SciFi",1,"sports",44.475134024265,0,"Mobile",0,77.2417569757425
334,17.2,1,"Drama",1,"politics",45.0254386073131,0,"Mobile",0,94.8959655568412
335,23.4,0,"Action",1,"politics",34.326789088474,1,"Tablet",1,84.1431784603683
336,17.9,1,"Comedy",1,"celebrity",35.5940338062759,0,"Mobile",0,90.3965544415384
337,22.3,0,"Romance",1,"news",42.5286816004504,0,"Mobile",1,101.732874285441
338,19.7,0,"Drama",1,"news",12.7298278260168,0,"Tablet",0,76.3211773195816
339,24.1,0,"Action",1,"news",15.5474608780165,1,"Mobile",1,98.2971969250653
340,23.4,0,"Action",1,"sports",24.94739376443,0,"Mobile",0,78.4317928288363
341,17.9,1,"Comedy",0,"sports",40.2598799185679,1,"TV",1,101.690625881827
342,17.1,1,"Action",1,"tech",16.6136518216909,0,"Mobile",0,69.3321916773558
343,24,0,"Comedy",1,"politics",42.3957835294092,1,"Mobile",1,66.8229214444013
344,19.3,0,"Drama",1,"sports",41.0179188309884,1,"TV",0,85.1585898208588
345,23.6,1,"Comedy",1,"politics",34.6817427245352,0,"PC",1,92.2185189351927
346,22.5,1,"Drama",1,"tech",47.5862293394096,1,"Tablet",1,106.772097024183
347,21.6,0,"Action",1,"sports",19.5534104725484,0,"Tablet",1,93.5087418967288
348,22.8,0,"Action",0,"sports",26.636895645482,0,"Tablet",0,81.0076724640215
349,16.5,0,"Comedy",1,"news",14.050155129949,0,"Mobile",1,90.5282100498859
350,18.4,1,"Drama",1,"celebrity",29.0305822343172,1,"PC",1,107.502535475471
351,18.4,0,"Comedy",1,"celebrity",31.1574914492816,0,"Mobile",0,79.4800508398662
352,14.2,1,"Comedy",1,"sports",32.9259705706936,0,"Tablet",0,85.3542058217969
353,16,0,"Action",0,"sports",34.0968786598494,0,"TV",0,68.0268937631044
354,22.8,0,"Comedy",1,"sports",36.1375812349102,1,"PC",0,88.7228340589038
355,18.2,0,"Action",1,"sports",21.7310901413567,1,"Tablet",1,82.5024251685294
356,20.4,1,"Drama",1,"celebrity",43.2171876873112,0,"Mobile",0,79.3079242399958
357,26.3,1,"Comedy",0,"politics",38.5864753785331,0,"Tablet",0,86.8561666812746
358,17,0,"Action",1,"celebrity",35.2984147679461,0,"Mobile",1,100.400232907807
359,17,0,"Comedy",1,"politics",42.8599509400944,0,"Tablet",0,73.2970012720764
360,22.1,0,"Action",1,"celebrity",23.2337328021437,0,"Tablet",1,91.106621286669
361,18.5,0,"SciFi",1,"politics",39.1242092252496,1,"Mobile",1,105.128175013695
362,18.9,1,"Drama",1,"sports",27.126274193081,0,"TV",0,78.2262017909678
363,17.3,0,"Action",0,"politics",31.655493601131,0,"Mobile",0,71.1236000903174
364,19.6,0,"Comedy",1,"sports",35.5297907322803,0,"TV",0,79.9891050028055
365,15.3,0,"Action",1,"news",29.3634885457592,0,"Mobile",0,92.7494704627733
366,16.5,0,"SciFi",1,"politics",11.6748754184556,1,"Tablet",1,60.5664509842592
367,17.1,1,"Romance",1,"sports",27.8082567487275,0,"Tablet",0,66.5941133711418
368,22.8,1,"Drama",1,"politics",22.0242542636385,1,"Tablet",1,91.9554368385137
369,17.3,1,"Action",1,"celebrity",32.0831464930583,1,"Tablet",1,115.017781486592
370,23,0,"Comedy",1,"tech",32.583193913646,1,"TV",1,86.6983997069048
371,14.8,0,"SciFi",0,"celebrity",48.0263094943838,0,"Tablet",0,87.9178831422724
372,25.6,1,"SciFi",1,"news",32.6029374862818,1,"Tablet",1,93.8659755186842
373,12.6,1,"Drama",1,"sports",30.6033595480077,1,"Mobile",1,108.289573547735
374,25.9,1,"Romance",1,"politics",30.0479052639208,0,"PC",0,79.3718563051622
375,28.2,1,"Comedy",1,"politics",32.5903229767805,1,"Mobile",1,87.3377241633119
376,23.9,1,"Action",1,"news",7.19496505834987,1,"Mobile",1,97.3255715097147
377,23,0,"Comedy",1,"sports",35.8973532159081,1,"Mobile",1,102.39159473248
378,25.7,1,"Comedy",1,"sports",27.7714241023994,1,"TV",1,92.9820315948254
379,18.5,1,"Romance",1,"news",28.9119358261282,1,"Tablet",1,103.941423660686
380,16,1,"Drama",1,"sports",36.8429261940951,0,"TV",0,96.2581439302396
381,22.7,1,"Action",1,"sports",14.7983081746638,0,"Mobile",0,66.7044650194883
382,23.6,0,"Drama",1,"news",33.4877856057425,0,"Mobile",0,108.494959139865
383,25.7,1,"Action",0,"celebrity",41.9354362361763,1,"Mobile",0,56.4187024335377
384,20.1,0,"Drama",1,"celebrity",17.5532484313348,1,"TV",0,73.7006352973394
385,15.1,0,"Romance",1,"celebrity",34.6342361880814,0,"Tablet",1,99.7357519362822
386,26.9,1,"Action",1,"sports",25.5983419893478,0,"Tablet",0,96.7925357491927
387,17.2,0,"Comedy",1,"celebrity",42.1562044733188,1,"Mobile",1,90.1073600507082
388,17.5,1,"Action",1,"tech",38.7603908522673,0,"TV",0,69.5729385798055
389,19.4,1,"Drama",1,"celebrity",38.6955104087838,0,"PC",0,89.3254255195637
390,24.9,1,"Romance",1,"celebrity",19.2566192085452,1,"Mobile",1,116.102807693592
391,26.7,1,"Comedy",1,"sports",26.774751070536,1,"TV",1,101.206253880664
392,13.2,0,"Romance",1,"politics",30.4311080699471,0,"PC",1,82.1218607400986
393,20.3,0,"Drama",1,"news",38.7314635807633,0,"Tablet",0,116.423422336724
394,14.9,1,"SciFi",1,"celebrity",30.7263510887994,0,"Tablet",0,73.9110728370313
395,23.2,1,"SciFi",0,"politics",20.2866532320078,1,"Tablet",1,94.1017305886194
396,18.6,0,"Comedy",0,"celebrity",33.7189935680806,0,"TV",1,97.4381180865448
397,19.1,1,"Comedy",1,"sports",3.67804186110017,0,"PC",1,83.6373341588715
398,19.8,1,"Romance",1,"celebrity",20.345798233611,0,"Mobile",0,69.0098776432878
399,19.1,1,"Comedy",1,"sports",25.9685776098681,1,"Tablet",1,76.0212344151886
400,25,1,"Action",0,"celebrity",27.534239278231,0,"Mobile",0,79.942347531764
401,17.4,1,"Drama",1,"sports",39.0244425223526,1,"TV",0,95.1405542453845
402,19.3,1,"Action",1,"sports",37.4787187321405,1,"Mobile",0,81.8080652784219
403,19.8,0,"Comedy",1,"sports",30.8998450232761,1,"PC",1,82.7840191123911
404,20.3,1,"Comedy",1,"politics",20.3735134621332,0,"TV",0,81.5971919117734
405,22.1,1,"Action",1,"sports",23.9535980278889,0,"Mobile",0,93.4362309318317
406,21.7,1,"Romance",1,"sports",24.5487200015382,1,"TV",0,63.849915370136
407,19.8,1,"Romance",1,"sports",32.518972021208,1,"PC",0,87.4684647758898
408,18.5,1,"SciFi",1,"news",19.5836768365185,1,"Mobile",0,79.5051341145684
409,21.1,0,"SciFi",1,"news",30.5854747306975,0,"Tablet",0,84.5287338160885
410,19.8,1,"Drama",1,"politics",29.3296371419093,1,"Tablet",1,107.995360479342
411,20.1,0,"Action",1,"celebrity",24.2717665014801,1,"TV",1,91.8255484800048
412,20.9,1,"Drama",1,"politics",31.5900986293085,0,"TV",1,86.9589314791146
413,14.4,1,"Comedy",1,"celebrity",28.2631473195535,1,"Mobile",1,80.2613386447285
414,19.5,0,"Comedy",1,"celebrity",18.5000905925738,1,"TV",1,86.3849873997879
415,16.6,0,"Romance",1,"celebrity",31.4964658170394,1,"Mobile",0,73.0551731460115
416,18.8,1,"Action",1,"tech",8.3646669179556,1,"TV",0,72.6827641987039
417,22.1,1,"Comedy",1,"news",33.5598238550038,0,"Mobile",1,82.1648522364777
418,18,1,"Romance",1,"news",22.3757455799132,1,"Mobile",1,91.1764843085321
419,16.7,1,"Romance",1,"celebrity",48.0953841594939,1,"PC",1,109.498713820412
420,18.6,1,"Comedy",1,"celebrity",24.6192929120699,0,"PC",0,79.190691484245
421,10.3,0,"Action",1,"news",34.3062651383926,0,"PC",1,108.549178980239
422,15.2,0,"Drama",1,"tech",26.0114237974612,0,"Tablet",1,91.4505008695708
423,20.9,1,"Comedy",1,"news",18.726743550017,1,"TV",1,101.050916166612
424,15.9,0,"Action",1,"sports",34.6102253868741,0,"Tablet",0,87.3742845145057
425,19.1,0,"SciFi",1,"politics",2.31931274442835,0,"Tablet",0,65.1273491612658
426,20.8,0,"Romance",1,"sports",32.1255951260719,1,"Mobile",1,93.6693455370459
427,22.2,1,"Comedy",1,"celebrity",33.4733227759837,0,"TV",0,93.6596619252021
428,17.7,0,"Comedy",1,"sports",21.4942567141685,1,"Tablet",1,97.7694258946947
429,14.7,1,"Action",1,"celebrity",36.7898123748869,1,"TV",1,107.254475436354
430,17.1,0,"Romance",1,"celebrity",33.2720568709354,1,"Mobile",1,85.7940963764452
431,16.3,1,"Action",1,"tech",43.0062626915716,0,"TV",1,92.3864618198706
432,23.6,1,"Romance",1,"news",35.6100838939198,1,"Mobile",1,109.015630129997
433,22.4,0,"SciFi",1,"celebrity",30.5507612208222,0,"TV",0,96.3798740619029
434,20.3,0,"Action",1,"politics",28.8809601428172,0,"Mobile",0,58.758490206782
435,20.3,0,"Comedy",1,"politics",25.6773950270121,1,"Mobile",1,82.3527851941072
436,22.1,0,"SciFi",1,"sports",24.3256357371779,1,"Tablet",0,83.2338927067873
437,21.4,1,"Romance",1,"celebrity",15.00624326575,0,"Mobile",0,77.3738415884903
438,24.5,0,"Comedy",1,"celebrity",45.6268909244559,0,"Tablet",0,73.2858937695998
439,22.7,1,"Comedy",1,"tech",27.1429959718158,1,"Mobile",1,94.3738873615446
440,18.5,0,"SciFi",1,"news",36.5193945334341,1,"Mobile",0,81.6478481462841
441,17.9,0,"Action",1,"sports",27.891887991194,0,"Tablet",1,79.8167204338402
442,21.1,0,"Comedy",1,"celebrity",34.3341112092745,0,"TV",1,104.509023603461
443,15.6,0,"Comedy",1,"celebrity",39.4537297238412,0,"PC",0,85.6900519803385
444,22.7,1,"Comedy",1,"politics",28.2100887831243,0,"TV",0,77.8241496810511
445,17,0,"Drama",0,"celebrity",21.3970875552101,1,"PC",1,95.2659538061019
446,17.8,0,"Comedy",1,"politics",25.0513731340378,0,"Mobile",0,58.6266928844313
447,26,0,"Comedy",1,"sports",25.162788352295,1,"PC",1,101.128297399739
448,20.6,1,"Romance",1,"tech",41.9192233869196,0,"Mobile",0,70.7246695290798
449,26.4,0,"Comedy",1,"sports",28.7359173287054,1,"Mobile",1,103.217502844239
450,16.9,1,"Drama",1,"sports",24.8737519635133,0,"TV",0,84.3354708000861
451,26.5,0,"Action",0,"sports",15.1133542643886,0,"TV",0,70.6272993396069
452,22.2,0,"Comedy",1,"politics",30.1112593952204,0,"Tablet",0,72.5221980745354
453,21.4,0,"Comedy",1,"celebrity",31.0879740717566,1,"PC",1,96.9925683936175
454,21.3,0,"Action",1,"celebrity",34.2962519572449,1,"Mobile",1,86.0854608520713
455,19.7,0,"Action",1,"tech",18.5026602287658,0,"PC",0,56.7811953297011
456,21.7,1,"Comedy",1,"news",24.8383088529446,1,"Mobile",0,87.784764946909
457,27.7,1,"Comedy",1,"celebrity",19.8154381239288,1,"TV",0,84.9940138001891
458,18.1,0,"Comedy",1,"tech",22.0882458447248,1,"Mobile",0,78.1767574614506
459,21.7,1,"Action",1,"celebrity",41.4081296949883,0,"Mobile",0,76.500989974337
460,14.5,0,"Drama",1,"celebrity",30.7755260909554,0,"TV",1,92.9160492814409
461,20.4,1,"Drama",1,"news",17.3029727631767,1,"Tablet",0,82.3581931649392
462,24.9,0,"Action",1,"politics",44.7103993730173,0,"Tablet",0,86.1778496439527
463,22.6,1,"Action",0,"news",23.3316575683312,1,"Mobile",1,107.440059375989
464,18.1,0,"Action",1,"celebrity",20.668012010221,0,"PC",0,84.8842099714861
465,18.2,1,"SciFi",1,"politics",20.7369788700908,0,"TV",0,45.8052351341014
466,22,1,"SciFi",1,"politics",23.1124034668058,0,"Mobile",0,78.4620368600255
467,13.1,1,"Drama",1,"tech",27.130632792878,0,"PC",0,55.4652224012638
468,25.6,1,"Comedy",1,"sports",31.5340096818979,0,"Tablet",0,87.1250210531137
469,14.2,0,"Action",1,"celebrity",39.0913946513522,0,"Tablet",0,79.1181999135195
470,20,0,"Comedy",1,"politics",33.7698418395365,0,"TV",0,60.5366502613947
471,19.5,0,"Action",1,"news",30.5303597413093,1,"Tablet",1,98.9463952047044
472,21.2,1,"Drama",0,"news",41.0091610893094,0,"Mobile",0,85.5648341446707
473,19.9,1,"SciFi",1,"politics",34.7807562961173,0,"Tablet",0,68.4476380582143
474,20.2,1,"SciFi",1,"sports",33.3091350856213,1,"Mobile",1,120.519422040806
475,21.1,0,"Drama",1,"sports",19.8684141570514,1,"TV",0,59.9935168217071
476,19.6,1,"Action",1,"sports",42.090647523617,0,"TV",0,80.1193308674749
477,14.6,1,"Romance",0,"sports",18.1426979332865,0,"Tablet",0,76.7983378219773
478,19.4,0,"Action",1,"politics",14.0799428739979,0,"Tablet",1,99.2407356081967
479,21.1,1,"SciFi",1,"celebrity",24.7379292466963,1,"Mobile",0,70.9436573753403
480,18.4,0,"Drama",1,"politics",44.8361415475568,0,"Tablet",0,59.0198411149041
481,21.4,0,"Action",1,"celebrity",27.6207271964679,1,"PC",0,107.563284416991
482,16.5,0,"Drama",1,"politics",25.0515115772754,0,"Mobile",1,82.4344153851235
483,14.2,0,"Romance",1,"sports",55.7098493240698,0,"Mobile",0,90.2023120520564
484,24.5,0,"Drama",1,"celebrity",32.7217780341341,1,"Tablet",1,84.9960760509816
485,21.3,1,"Comedy",1,"sports",28.36545284179,1,"TV",1,99.3827564142347
486,22,0,"Action",0,"sports",31.8294130879647,0,"PC",0,81.3020405942022
487,20.8,0,"Action",1,"politics",14.7101839983774,0,"Tablet",0,80.1004594597199
488,26.8,0,"SciFi",0,"tech",10.0857047940706,0,"Mobile",0,74.3398440263672
489,26.9,1,"Comedy",1,"sports",16.2202489198996,0,"Mobile",0,72.6964907406364
490,21.9,0,"Drama",1,"politics",20.5353751938031,0,"Mobile",1,97.3243695645441
491,19.6,1,"Comedy",1,"politics",38.7579226223577,1,"Tablet",1,96.124103494065
492,17.8,0,"Comedy",1,"politics",24.5564773230454,1,"PC",1,77.7172971999822
493,18.7,0,"Comedy",1,"tech",42.5591875225171,1,"TV",0,90.9801525981587
494,20.9,1,"Action",0,"celebrity",21.9334612010495,0,"TV",0,79.9118392522097
495,19.5,1,"Action",1,"celebrity",29.5500622430194,0,"Mobile",0,62.2488881275273
496,12.3,0,"Comedy",0,"news",24.7517739474249,0,"PC",0,83.7480974288817
497,20.4,1,"Comedy",1,"celebrity",22.1026987353101,0,"Tablet",0,83.3686134595638
498,22.7,1,"Action",1,"politics",25.3167063809339,1,"Tablet",0,94.2761297219217
499,18.4,0,"Drama",1,"news",16.9367623363668,0,"TV",1,86.8942146076327
500,17,1,"Comedy",1,"celebrity",23.9866403137008,0,"Mobile",0,76.4270136923721
501,22.8,1,"SciFi",1,"politics",28.625020414068,0,"Mobile",1,94.0695506595669
502,21.6,1,"SciFi",0,"celebrity",31.4204147035776,0,"Mobile",0,87.448602469096
503,19.6,1,"Comedy",0,"news",27.2024696389432,0,"PC",1,114.271429128017
504,12.2,0,"Drama",1,"celebrity",19.8826460537703,0,"Mobile",0,62.759696588093
505,17.3,1,"Comedy",1,"celebrity",32.0161006426389,1,"PC",1,100.269967415691
506,20,0,"Action",1,"news",35.168589378243,1,"Mobile",1,95.6144220362783
507,21.7,1,"Romance",1,"tech",46.3068413101529,0,"PC",0,85.2265872829056
508,17.1,0,"Action",1,"celebrity",4.66960170416886,0,"PC",1,82.7383819990092
509,21.7,1,"Romance",1,"news",18.7807329738801,0,"Tablet",0,99.8691627536544
510,19.9,0,"Drama",1,"politics",27.452308992622,0,"PC",0,76.1082773054186
511,18,0,"Comedy",1,"politics",49.6336579048645,1,"PC",1,102.430525385619
512,13.6,0,"Comedy",1,"news",36.2451379241751,1,"TV",1,85.3051959933778
513,26.4,0,"Comedy",1,"celebrity",21.4627050029707,1,"Mobile",1,93.2638419816856
514,22.1,1,"Drama",1,"celebrity",37.745057070282,1,"Mobile",1,108.140041421384
515,19.3,0,"SciFi",1,"tech",25.1248751295213,1,"TV",0,68.933604281599
516,18.4,0,"Comedy",1,"sports",23.6149424078673,0,"Mobile",1,98.9822060925269
517,24,0,"Comedy",1,"politics",36.8511522854006,0,"Tablet",0,77.4419479714973
518,25,1,"Drama",1,"celebrity",38.1733036936984,0,"PC",0,87.0676968233996
519,13.8,1,"SciFi",1,"politics",20.0255074062594,0,"Tablet",0,67.4760496505232
520,18.2,1,"Action",1,"news",40.179603788371,0,"Mobile",1,128.675703976858
521,18.3,0,"Action",0,"tech",23.9517936174206,0,"TV",0,41.8061080539461
522,20.7,0,"Drama",1,"celebrity",22.3881057444473,1,"TV",0,72.4422346129519
523,21.7,1,"Comedy",1,"celebrity",43.659365973969,0,"PC",1,111.692406558389
524,22.6,1,"Action",1,"news",25.0377663452816,0,"PC",0,86.2199568914198
525,12,0,"SciFi",1,"celebrity",31.192661650013,0,"TV",1,94.0175201247553
526,16.3,1,"Drama",1,"celebrity",16.6846696707493,1,"PC",0,69.5589219174603
527,21.4,0,"Comedy",1,"sports",27.3325494398827,0,"Mobile",0,86.4687441585051
528,22.8,0,"SciFi",1,"news",41.2580873774276,1,"PC",1,93.7110845154683
529,16.2,1,"Comedy",1,"news",20.2011031413394,0,"Mobile",0,85.508404018133
530,26.1,1,"Drama",1,"celebrity",35.210496807491,0,"Mobile",0,90.9654840538548
531,21.6,1,"Romance",1,"celebrity",32.0375211116945,0,"Mobile",0,74.0042476492199
532,21.5,0,"Comedy",1,"celebrity",21.6157516972088,1,"PC",1,96.4877308923867
533,21.7,0,"SciFi",1,"sports",30.6713994139318,1,"Tablet",0,84.6881671781564
534,23.1,0,"SciFi",1,"sports",23.7365060804267,1,"TV",1,97.1361666107032
535,15.2,0,"SciFi",1,"celebrity",42.8010830782409,1,"PC",1,97.8308424285113
536,27.5,0,"SciFi",1,"celebrity",24.9375828097262,1,"PC",1,105.37781700156
537,18.6,1,"SciFi",1,"celebrity",35.5820113319143,1,"Mobile",1,94.1245373583671
538,20.4,0,"Drama",1,"sports",29.1030039260543,0,"PC",1,104.601000895926
539,18.5,0,"Romance",1,"sports",36.1764721959968,0,"PC",0,83.4741481371411
540,17,0,"Action",1,"celebrity",27.0941491979473,0,"PC",0,77.150281065074
541,20,0,"Comedy",1,"sports",32.2678469000178,0,"PC",1,93.1591663183924
542,25.8,0,"Action",1,"sports",19.5638967081731,0,"Mobile",0,79.4582638580326
543,25.2,1,"Comedy",1,"tech",33.4280046401233,1,"Mobile",1,84.8723412211733
544,22,0,"Drama",1,"sports",34.0401926561948,0,"Mobile",1,107.161436594037
545,13.8,0,"Drama",1,"celebrity",28.353674800694,0,"TV",1,117.019623463467
546,11.5,1,"SciFi",1,"tech",33.2147185082905,1,"PC",1,93.9815527703564
547,20.1,0,"Action",1,"sports",15.1345342017007,0,"TV",1,96.9636684931665
548,14.5,1,"Action",1,"celebrity",26.6869742053997,0,"TV",0,80.978045270618
549,22.3,0,"SciFi",0,"celebrity",15.7230334262218,0,"Mobile",1,88.748348556919
550,19,1,"Action",1,"news",38.9548746444593,0,"TV",0,95.5786587839693
551,20.1,1,"SciFi",1,"celebrity",29.2258755111702,0,"TV",1,99.4940137430933
552,18.2,1,"Drama",1,"news",15.0594774845612,1,"TV",1,81.9218001106507
553,21.2,1,"Comedy",1,"news",17.8925600403109,0,"Mobile",1,116.850515742495
554,13.7,0,"Comedy",1,"sports",27.784150877407,0,"TV",0,80.938429725955
555,17.9,0,"Action",1,"sports",36.7126121191974,1,"PC",0,83.2098491736648
556,15.3,1,"Drama",1,"sports",28.6878436866142,0,"Mobile",0,81.4004972862308
557,14.3,1,"Comedy",1,"celebrity",29.0765963294078,0,"Mobile",1,104.146153229332
558,19.7,0,"Comedy",1,"tech",35.9778398398449,0,"Mobile",0,71.1260929298948
559,22.8,0,"SciFi",1,"politics",42.4589766814938,0,"Tablet",0,56.843428588931
560,16.7,1,"Romance",0,"celebrity",34.1713008927027,0,"TV",0,88.1966691619885
561,21,1,"Comedy",0,"news",30.5835156843768,0,"Mobile",0,81.2907116750499
562,18.7,0,"Drama",1,"politics",31.0930138661373,1,"TV",0,71.0814330477385
563,21.5,1,"Drama",1,"politics",52.9991157518338,0,"Tablet",0,87.263446748033
564,15.5,1,"Action",1,"celebrity",31.9109141351883,1,"TV",1,107.83775667534
565,19.1,1,"Drama",1,"sports",31.968559618327,1,"Mobile",1,102.117308790957
566,18.6,1,"Action",1,"news",39.9478818315602,0,"PC",0,88.4622265110328
567,27.7,0,"Comedy",1,"tech",22.1625477482251,0,"TV",0,60.5617675898421
568,21.8,0,"Comedy",1,"sports",24.2365245350919,1,"Tablet",1,87.7719455502596
569,22.8,0,"SciFi",1,"sports",30.5487309024934,0,"Tablet",0,72.4325185933408
570,21.7,0,"SciFi",1,"tech",8.31821608023677,0,"TV",0,61.0632502023929
571,23.4,1,"Action",1,"sports",38.0097444530539,1,"TV",1,112.701037394319
572,21.7,0,"Comedy",0,"celebrity",14.8740659185856,0,"TV",1,100.552194874918
573,23.1,0,"Comedy",1,"politics",18.5880651656628,0,"Mobile",0,63.4584300539198
574,22.9,1,"Drama",0,"news",25.0544634078943,0,"PC",0,91.5593297466775
575,22.5,0,"Comedy",1,"sports",15.7468604082781,0,"Mobile",0,80.4617176878537
576,15.4,1,"SciFi",1,"news",34.5582658153086,0,"Tablet",0,94.8656021242852
577,13.7,1,"Action",1,"sports",28.3146585784977,0,"Mobile",0,73.3022636330101
578,20.9,1,"Comedy",1,"news",9.56224474300745,0,"PC",0,93.9470755365641
579,19.1,1,"Drama",1,"news",33.1026315754889,1,"TV",1,95.7889961256912
580,23.3,1,"SciFi",1,"celebrity",21.7263434447654,1,"Tablet",1,96.6853671664665
581,24.1,1,"Action",1,"celebrity",28.5445732712094,1,"TV",1,99.6491167285515
582,27.9,0,"SciFi",1,"celebrity",45.3648851432723,1,"PC",1,94.8958533984701
583,24.4,1,"Drama",1,"tech",28.3037276717076,0,"TV",0,83.0533433757886
584,14.3,1,"Drama",1,"news",26.0512851901146,0,"Tablet",1,102.134142039519
585,17.8,1,"Comedy",1,"sports",36.2709790567431,1,"TV",1,94.9835802150806
586,27.3,0,"Romance",1,"celebrity",39.0523601554001,0,"Mobile",0,76.9104782449327
587,20.2,1,"SciFi",1,"sports",13.2683104124028,1,"Mobile",1,94.6028221732843
588,21.2,0,"Comedy",1,"sports",16.7419792527134,1,"Tablet",0,85.1561527776285
589,25.4,1,"Action",1,"celebrity",30.6216968448801,0,"Mobile",0,90.4969934275568
590,19.1,1,"Action",1,"politics",35.2644217868441,1,"PC",1,90.4821597168327
591,22.7,1,"Comedy",1,"politics",49.524494330484,1,"Tablet",1,98.9826241497414
592,20.6,1,"Drama",1,"sports",35.2375144705537,0,"Mobile",0,79.2448686228939
593,13.1,1,"Comedy",1,"politics",16.564208445008,0,"Mobile",1,101.554971156992
594,18.2,0,"Comedy",1,"news",29.9981848642063,1,"Tablet",0,88.2369831197148
595,20.5,0,"Comedy",1,"celebrity",38.4185728730968,0,"Tablet",1,94.9049780226424
596,6.6,1,"Action",1,"celebrity",20.4339465951279,0,"Mobile",0,77.9349006225753
597,15.6,1,"Comedy",1,"sports",31.2845738992087,0,"PC",0,91.1642297614484
598,25.3,1,"Drama",1,"politics",28.3108322929961,0,"TV",0,85.8990720865545
599,20.4,0,"Comedy",1,"celebrity",22.2635490380772,1,"Mobile",0,83.3597768532109
600,13.7,0,"Drama",1,"news",44.920568602192,1,"Tablet",1,99.1043672779321
601,19.4,0,"Action",1,"celebrity",30.1877171755044,0,"Mobile",0,63.1902444113756
602,19.6,0,"Drama",1,"politics",30.8320904745972,0,"Mobile",0,86.7466631961186
603,23,1,"Comedy",1,"sports",27.3892763210765,0,"TV",1,114.532151980311
604,15,1,"Drama",1,"politics",36.7861482220778,0,"Mobile",0,88.0774932147031
605,17.6,1,"Drama",1,"celebrity",34.0307169091904,0,"Tablet",0,93.6277591081935
606,11.8,1,"Comedy",1,"celebrity",35.475124732573,1,"Mobile",0,91.7937176914744
607,17.8,1,"Action",1,"news",25.4063705628436,0,"TV",0,93.0568500781514
608,25,1,"SciFi",1,"sports",26.582539938551,0,"TV",0,80.8218031237404
609,17.4,0,"Action",1,"politics",28.3860954782292,0,"Mobile",0,81.9273066624375
610,23.6,0,"Drama",0,"politics",30.0930678882932,1,"Tablet",0,70.2074007457055
611,15.4,1,"Comedy",1,"news",25.7367441632406,0,"TV",0,92.2300467714638
612,20.7,0,"SciFi",1,"sports",28.6107486835667,0,"Mobile",0,81.667132436477
613,23.5,1,"Comedy",1,"tech",21.2456797094426,1,"TV",1,68.6009886822108
614,23.2,1,"Comedy",0,"celebrity",37.4506886357559,0,"Tablet",0,83.9985612894044
615,17,1,"Action",1,"sports",32.8605483109047,0,"Mobile",0,79.9978920708094
616,15.8,0,"Drama",0,"celebrity",36.8696016487674,0,"PC",0,78.271729180559
617,18.9,0,"Drama",1,"politics",27.767703652617,0,"Mobile",0,68.4660943828575
618,18.5,0,"Comedy",1,"politics",27.9146448491324,0,"Tablet",0,70.33299186302
619,21.5,0,"Action",1,"politics",21.6692703623948,1,"PC",1,82.7068193990471
620,19.6,0,"Action",1,"politics",12.3240901245186,1,"TV",1,86.7362700994267
621,22.3,1,"Drama",0,"sports",35.858350344768,1,"TV",1,107.061235829335
622,19.9,1,"Drama",1,"sports",35.57013353218,0,"Tablet",0,102.622478150072
623,17.4,1,"Action",1,"celebrity",12.1613089768545,0,"TV",0,73.5434163126287
624,15.4,1,"Action",1,"politics",22.1719000383375,0,"Mobile",1,103.116923724517
625,22.5,0,"Comedy",1,"sports",27.61200204525,0,"Mobile",0,81.9950886295252
626,21.2,0,"SciFi",1,"tech",45.7714793517327,0,"Mobile",0,68.4566602581438
627,22.1,1,"Comedy",1,"sports",39.2725969629507,1,"Mobile",0,88.0008940349325
628,24,1,"SciFi",1,"politics",21.089858758987,0,"TV",0,53.956442914367
629,21.3,1,"Action",1,"sports",38.0235504299559,0,"Mobile",1,106.014456162394
630,28.8,0,"Drama",1,"politics",33.1938163555005,1,"Tablet",1,95.6595334275263
631,19.7,0,"Action",0,"sports",31.9709616684304,0,"TV",0,75.3172533183305
632,23.7,0,"Action",0,"sports",38.9798046892325,0,"TV",0,99.1476371759677
633,19.8,0,"SciFi",1,"tech",40.8382064690111,0,"Mobile",1,91.4348124541851
634,12.6,1,"Action",1,"celebrity",27.3960260152336,0,"Mobile",0,101.968825280276
635,19.7,1,"Drama",1,"tech",41.971335920568,0,"Mobile",0,82.3677264490127
636,19.8,1,"Drama",1,"news",20.3521126380225,0,"Mobile",1,90.9861024462955
637,17.4,0,"Drama",1,"celebrity",14.2445195852393,0,"TV",0,76.0315554375954
638,10.4,1,"Comedy",1,"politics",55.7214288035164,1,"Tablet",1,88.6337678129373
639,19.1,1,"Comedy",1,"celebrity",24.3239354642083,0,"PC",0,84.1280108078653
640,14.3,1,"Comedy",1,"news",23.4728738200399,1,"Mobile",1,97.8694122706338
641,23.7,1,"Comedy",1,"politics",25.1391670852031,0,"PC",0,68.5723793931153
642,13.7,0,"Romance",1,"politics",24.9649780874676,0,"Tablet",0,68.3822451791759
643,25.2,0,"Drama",1,"sports",40.2631197923611,1,"Tablet",1,96.5261317313176
644,21.6,0,"Action",1,"celebrity",39.1599427993963,0,"TV",0,108.779184328194
645,15.9,0,"Comedy",1,"celebrity",38.7234600824245,0,"Mobile",0,94.1185256821885
646,20.2,0,"SciFi",0,"celebrity",42.3925828081227,0,"Mobile",0,86.3816846766292
647,27,0,"SciFi",1,"sports",28.8646047973307,0,"PC",1,85.338959018525
648,21.8,1,"Comedy",1,"sports",25.6472298878104,0,"PC",0,115.360288515527
649,22.6,1,"Romance",1,"celebrity",22.5830255952531,1,"TV",1,91.1882223912547
650,22.4,0,"Action",1,"sports",23.0898236371181,0,"Mobile",0,69.2880043328396
651,24.5,1,"Drama",1,"sports",14.9987692474785,0,"Mobile",1,98.1606007483552
652,16.4,1,"Romance",1,"news",19.4358788943048,0,"Tablet",1,87.0695485556097
653,20.5,0,"Romance",1,"politics",19.869732241895,1,"PC",1,64.4281735497763
654,19.7,0,"Comedy",1,"celebrity",28.7721293146591,0,"Mobile",0,91.0996176217911
655,21.5,0,"Comedy",0,"celebrity",33.9322306489054,0,"Mobile",0,75.6078751997329
656,22.2,0,"Comedy",1,"celebrity",29.3665415750151,0,"TV",0,72.1705798357477
657,23.9,1,"Action",1,"sports",31.9907245535225,0,"Mobile",0,89.6749763484375
658,26.3,0,"Drama",1,"celebrity",28.9472117967078,0,"TV",0,92.8332818903621
659,19.7,0,"Action",1,"news",31.3948027217877,0,"Mobile",0,96.1276378542763
660,17.5,1,"Drama",0,"tech",47.2079103092034,1,"Mobile",0,73.0208877440546
661,28.8,1,"Action",1,"celebrity",42.9594179975925,1,"PC",1,114.858146190898
662,18.7,1,"Drama",1,"news",45.3765690537189,0,"Mobile",0,89.0193981340143
663,16.2,0,"Romance",1,"celebrity",22.7544292292522,0,"PC",0,73.8750081011749
664,25.1,1,"Comedy",1,"news",29.9734934609613,0,"Mobile",0,94.2746651173372
665,19.6,0,"Drama",1,"sports",23.2997969628008,0,"Tablet",1,110.255487599383
666,13,1,"Comedy",1,"sports",12.4877206604215,0,"Tablet",1,99.1165715779061
667,22.4,0,"Action",1,"politics",28.1910021321496,0,"PC",1,82.5696817416285
668,24.7,0,"Comedy",1,"sports",40.9863863323602,0,"Mobile",1,86.9083205759191
669,15.3,1,"Action",1,"celebrity",26.16456676157,0,"TV",0,86.0106605702797
670,19.6,0,"Action",1,"politics",28.7139127074684,0,"PC",0,81.5231102638313
671,20.7,1,"Action",1,"celebrity",31.6673571975315,0,"TV",0,77.2355667460589
672,16.5,1,"SciFi",1,"news",45.9390254898995,0,"Tablet",0,90.1186122188342
673,16.2,1,"Drama",0,"tech",27.4379702084529,0,"TV",0,85.7445432189362
674,17.9,1,"Drama",1,"tech",37.5071637268027,1,"PC",1,73.6771360153753
675,22.4,0,"Drama",0,"tech",30.4079908316484,1,"TV",1,79.8579953180098
676,18.4,0,"Action",0,"news",19.5039385505494,0,"Tablet",0,82.0206230621272
677,22.7,0,"Comedy",1,"celebrity",27.7871933991091,0,"Mobile",1,93.602721675931
678,27.1,0,"Action",1,"politics",24.6271715130436,0,"Mobile",0,70.9058676951209
679,14.2,0,"Comedy",1,"politics",23.7805225880517,1,"PC",1,72.4042207021075
680,23,1,"Comedy",1,"sports",33.270882144877,1,"Tablet",1,122.967837115602
681,18,1,"Action",1,"celebrity",24.0561718052879,0,"Tablet",1,111.703356218212
682,17.9,1,"Action",1,"sports",25.5886181376117,0,"TV",0,92.7209268468407
683,19.3,0,"Action",1,"sports",16.3652932978146,0,"PC",0,80.4489568631935
684,16.9,0,"Action",1,"politics",20.1466883056032,0,"Mobile",1,71.192956978791
685,16.9,1,"Romance",1,"sports",26.2227233385412,0,"Mobile",0,86.7906362684638
686,17.5,0,"Drama",1,"news",23.6581005674658,0,"Tablet",0,86.7347710975011
687,18,1,"SciFi",1,"celebrity",42.4006059610213,1,"TV",1,100.755227236928
688,16,0,"Comedy",1,"sports",30.4932874425322,0,"PC",0,75.0209690038894
689,24.3,0,"Comedy",1,"sports",32.2722793983467,0,"PC",0,58.8316854005763
690,18.4,1,"Comedy",1,"celebrity",29.0396514006527,1,"TV",0,73.8203119318489
691,14.9,1,"Drama",0,"sports",27.8840557379048,1,"Mobile",1,94.1277239540016
692,17.1,0,"Comedy",1,"politics",24.7519443427905,0,"Tablet",0,59.7379759693585
693,26.7,1,"Comedy",1,"politics",36.4780354234849,0,"TV",1,83.4428362371889
694,25.8,0,"Drama",0,"celebrity",33.9246544628807,0,"PC",0,78.878133485606
695,14.8,1,"Drama",1,"politics",27.229837157065,1,"Mobile",1,82.3718951937839
696,22.5,0,"Action",1,"sports",19.9422217408936,0,"TV",0,72.6476141490371
697,27.1,0,"Action",1,"sports",17.9292660637308,0,"Mobile",0,78.828808295578
698,23.5,0,"Action",1,"politics",27.1541443697837,0,"Mobile",1,87.2066092316722
699,12.8,0,"Drama",0,"politics",25.3419657886544,0,"Mobile",0,72.1066072355126
700,18,1,"Comedy",1,"politics",3.91288499062336,0,"Mobile",0,58.4132056901738
701,25,0,"Drama",1,"celebrity",39.885851260024,1,"Tablet",0,81.5872763124511
702,14.9,0,"Comedy",1,"sports",29.6452791254166,0,"PC",0,84.8005855669809
703,20.4,0,"SciFi",1,"celebrity",28.1802935336652,0,"Mobile",0,72.5426618540793
704,19.4,1,"Comedy",1,"politics",24.5150554403983,0,"Mobile",1,97.5786698828922
705,16.1,0,"Comedy",1,"sports",42.5861826870995,0,"PC",0,101.327854353606
706,17.3,0,"Drama",1,"tech",24.3434114085508,0,"TV",0,87.5212942509538
707,20.6,1,"SciFi",1,"politics",16.3033001280859,0,"Tablet",0,82.9256092617802
708,17.1,0,"SciFi",1,"celebrity",38.2636770644098,0,"Tablet",0,90.1666010087391
709,24.4,0,"Action",1,"celebrity",18.343184722681,1,"TV",0,85.9399432747383
710,18.6,1,"Drama",1,"sports",34.3858326416166,1,"PC",1,93.4309422044753
711,19.2,0,"Comedy",1,"sports",28.6072954471478,1,"PC",0,80.4469187342943
712,12.4,1,"Comedy",1,"politics",18.7417547649319,0,"TV",0,91.3709149077952
713,14.1,0,"Comedy",1,"sports",14.5292326175822,0,"PC",0,74.9482598308974
714,22.4,0,"Action",1,"sports",26.531851861584,1,"TV",0,73.9832096504284
715,19.5,1,"SciFi",1,"sports",29.450508818626,1,"Mobile",1,99.7425135450951
716,21.5,0,"Drama",1,"celebrity",27.4872973790689,1,"Tablet",1,83.2347697753093
717,28.4,0,"Drama",1,"celebrity",30.5727317953215,1,"Mobile",1,81.1446336366456
718,22.3,0,"Romance",1,"celebrity",17.0043280248711,0,"Mobile",0,78.0835683200463
719,17.8,0,"Action",1,"tech",41.7032363965543,0,"PC",0,63.4458399209392
720,21.7,1,"SciFi",0,"celebrity",28.6047791766196,0,"Tablet",0,70.5874103568828
721,22.9,1,"Romance",0,"sports",12.1370214554139,0,"Mobile",0,101.998505363456
722,23.2,1,"Comedy",1,"sports",30.649573495453,0,"PC",0,82.5424552574088
723,15.5,0,"Drama",1,"sports",17.3828105010152,1,"PC",1,85.8175815493697
724,18.2,1,"SciFi",1,"sports",27.9364590754321,0,"Mobile",0,97.7685576133135
725,24.1,1,"Comedy",1,"politics",42.2105941200268,0,"TV",0,84.1277749530153
726,19.4,1,"Drama",1,"sports",18.0155341356089,0,"Mobile",0,76.4017494166148
727,25.9,1,"SciFi",1,"politics",41.8923143177795,1,"TV",1,94.6721355847609
728,27.9,0,"SciFi",1,"politics",31.8547182131516,1,"Mobile",1,93.7714767966297
729,12.1,1,"Comedy",1,"news",20.341368556732,0,"TV",1,103.606755990915
730,20.2,0,"Action",1,"sports",36.7452559669994,0,"TV",0,96.3581049032727
731,14.9,1,"Drama",1,"sports",24.5574231132402,0,"TV",0,65.8933151884478
732,20.3,1,"Action",1,"sports",24.5801028345696,0,"Mobile",0,69.3428513797716
733,14.3,0,"Drama",1,"sports",16.7874364271193,0,"Mobile",0,84.9482256010292
734,21.3,1,"Drama",1,"celebrity",26.877506733417,0,"Mobile",1,93.2560484638399
735,15.8,0,"Romance",1,"politics",26.5342031578156,0,"Tablet",0,73.3811394761588
736,13.2,1,"Action",1,"celebrity",39.1488933796116,0,"TV",0,90.8982339865169
737,22.8,0,"Action",1,"celebrity",23.0821178280796,1,"TV",1,97.4594253435073
738,16.2,0,"Comedy",1,"celebrity",29.4082241897732,0,"PC",0,88.9218617266665
739,20.5,0,"Romance",1,"news",19.1778703620492,1,"TV",1,98.9442094045128
740,21.8,0,"SciFi",1,"celebrity",26.3589124779157,0,"PC",0,70.3627126621859
741,14,0,"Drama",1,"news",34.4205236899221,0,"PC",0,80.6411971469971
742,20.7,0,"SciFi",0,"news",29.4026603424391,0,"Mobile",0,68.6186866963519
743,16.7,0,"Comedy",1,"celebrity",39.0969530058988,0,"PC",0,78.3949421165172
744,24.8,1,"Drama",0,"politics",40.2970268261201,1,"Tablet",0,73.2485314405695
745,22.6,1,"Action",0,"sports",27.456862050339,1,"PC",1,112.119995206783
746,23.3,0,"Action",1,"news",44.6601657110898,1,"Mobile",1,104.79373024321
747,21,0,"Comedy",1,"sports",25.7490743792374,0,"Mobile",1,83.704162150244
748,21.6,0,"Drama",1,"celebrity",45.4524980216252,0,"PC",0,94.1714773754264
749,24,1,"Drama",1,"celebrity",44.5700859046927,0,"Mobile",0,94.7316700133758
750,13.4,1,"Drama",1,"sports",15.518038620604,0,"TV",0,73.0075957547934
751,16.9,1,"Comedy",1,"tech",23.9903019072618,0,"TV",1,99.2667786734906
752,19.2,1,"Comedy",1,"politics",23.9868683458052,0,"Tablet",0,75.2761534806137
753,19.3,1,"Action",1,"celebrity",38.0408530352921,1,"PC",0,91.754594697495
754,22.2,0,"SciFi",1,"celebrity",46.353537315058,0,"TV",0,91.1024155300288
755,21.9,0,"SciFi",1,"sports",36.0648685296201,1,"TV",1,97.3495346772345
756,18,0,"Drama",1,"celebrity",10.4124436757988,1,"Tablet",1,72.9309534610671
757,12.1,0,"Action",1,"news",43.8718645937991,0,"Mobile",1,86.2515631169135
758,21,0,"Action",0,"sports",18.7693019256233,0,"Mobile",0,85.1842573782871
759,16.6,1,"SciFi",1,"celebrity",26.1761447753727,0,"Mobile",0,87.2516849671291
760,24.1,1,"SciFi",0,"politics",37.4412219747082,1,"Tablet",1,85.9024195683053
761,27.2,1,"Action",0,"sports",30.2811906424495,0,"TV",0,91.1955599621377
762,27.9,0,"Comedy",1,"news",23.946532746968,1,"PC",1,104.671403284162
763,22.7,1,"Action",1,"news",20.0985562125869,0,"TV",0,89.7586515148148
764,23.4,0,"Drama",1,"tech",26.7589479816786,0,"TV",0,68.2352830230815
765,16.2,1,"Comedy",1,"sports",22.617147024813,1,"Mobile",0,93.8777688615278
766,15.4,1,"Drama",0,"news",31.5000289211753,0,"Tablet",0,102.075445801693
767,18.3,1,"Drama",1,"news",25.9989691213022,0,"TV",0,78.8128081013862
768,23.7,1,"Romance",1,"sports",15.3553659040299,1,"Mobile",1,115.532110407136
769,25.7,0,"Drama",1,"tech",28.7780115191563,0,"Tablet",1,100.97359969489
770,17.8,0,"Romance",1,"sports",43.1783458927842,0,"Tablet",0,89.4818524618796
771,25,1,"Romance",1,"news",22.9196237661936,0,"Mobile",0,69.4912069869428
772,19.5,1,"Romance",1,"politics",13.4056208461259,0,"TV",0,73.0256257825371
773,19.5,1,"Action",1,"news",19.3256188258054,0,"Tablet",0,79.3181029545015
774,14.1,0,"Action",1,"sports",20.729741197544,0,"Mobile",0,99.8589954018023
775,22,0,"Drama",0,"politics",34.6457578719511,0,"PC",0,78.779775580301
776,23.6,1,"Romance",1,"tech",38.5793395684353,1,"Mobile",1,118.149138543152
777,23.8,1,"Action",0,"sports",34.8935490036031,0,"Mobile",0,72.4324508430991
778,16.7,1,"Comedy",1,"tech",67.391401710951,0,"PC",0,102.666455275106
779,15.6,0,"Action",1,"sports",44.0971981381597,0,"TV",0,80.407767886492
780,18.9,0,"SciFi",1,"tech",42.5336911032682,0,"Mobile",1,80.4560352932718
781,21.2,1,"SciFi",0,"celebrity",42.4655075282621,0,"TV",0,81.9353856411203
782,12.9,0,"Romance",1,"tech",19.5400656646879,1,"TV",0,51.5571375138067
783,25.1,1,"Action",0,"celebrity",21.4488847439746,0,"PC",1,104.566925485889
784,18.5,0,"SciFi",1,"news",40.4192748854233,0,"PC",0,54.5937338456312
785,21.2,1,"Romance",1,"news",43.5835263955506,0,"Mobile",0,95.8872366949632
786,17,0,"Drama",1,"celebrity",20.6952928889642,1,"PC",0,86.1454689638744
787,21.7,0,"Comedy",1,"sports",33.9785195499547,1,"TV",1,87.9203432814231
788,21.9,0,"Drama",1,"celebrity",19.5551162197523,0,"Tablet",0,80.3518114363655
789,16.8,1,"Comedy",1,"sports",17.8191528483715,0,"PC",0,67.9620452198266
790,11.7,0,"Action",1,"sports",20.2394200679243,1,"Tablet",1,94.7419968693264
791,20.5,1,"Romance",1,"news",29.3764696545653,0,"Tablet",0,83.5492168017263
792,26,1,"Action",1,"politics",31.9878832720105,0,"Tablet",0,101.318481662394
793,17.3,1,"Romance",1,"politics",36.9328148448948,1,"PC",1,83.7098108124991
794,22.4,1,"Action",1,"news",41.567338309133,0,"TV",0,79.250998545581
795,21.4,0,"Action",1,"politics",23.4669689169865,0,"Tablet",0,75.2812964327412
796,21.2,0,"SciFi",1,"news",30.6460835020431,1,"Tablet",1,78.7397734491209
797,22.9,0,"Romance",1,"celebrity",36.3185766554879,0,"Tablet",0,89.3222914351931
798,22.8,1,"Comedy",1,"sports",36.537175324771,1,"Mobile",1,101.083958730283
799,8.4,0,"SciFi",1,"politics",24.6220437149893,1,"PC",0,58.5441457781018
800,18.2,0,"Drama",0,"celebrity",48.2681234942654,0,"Tablet",0,73.5202786157285
801,25.5,1,"Comedy",1,"politics",28.0795229610088,1,"PC",0,68.8503566306162
802,15.5,1,"SciFi",1,"news",22.2625959765741,1,"TV",1,99.8875775954384
803,18.5,1,"Drama",1,"celebrity",18.5788583873902,1,"PC",1,101.610068176872
804,19.7,1,"Drama",1,"celebrity",24.2235128746775,0,"TV",1,101.445951997956
805,22.4,1,"Action",1,"celebrity",32.5128265783351,0,"Mobile",1,81.259428553035
806,19.5,1,"Drama",1,"politics",29.0608544699334,0,"Mobile",0,76.737160231393
807,20.6,0,"SciFi",1,"celebrity",23.7756988502017,0,"PC",0,68.0357400824225
808,17,0,"SciFi",1,"sports",23.6445602995661,0,"Mobile",1,75.7620729409973
809,22.7,1,"Comedy",1,"politics",36.8476004089186,0,"Tablet",0,74.5300680994412
810,14.5,1,"SciFi",1,"politics",39.2725613491447,0,"Tablet",1,97.3200350385241
811,17.3,0,"Romance",1,"celebrity",40.3738776811224,0,"Mobile",0,96.2875989567415
812,14,0,"Drama",0,"sports",26.0804447921058,0,"PC",1,99.1006906434456
813,17,0,"Romance",1,"sports",24.2914079036015,0,"Tablet",0,69.8014851526685
814,17.4,1,"Romance",1,"tech",40.870174666845,1,"Tablet",0,100.895578785992
815,19.7,0,"Drama",1,"celebrity",27.5354516159911,1,"Mobile",1,95.0807352276819
816,20.5,0,"Drama",1,"news",32.6446297228438,1,"Mobile",1,98.6764466518337
817,17.9,1,"SciFi",1,"politics",48.0892843751903,1,"Mobile",0,76.0948482207022
818,21.2,0,"Romance",1,"celebrity",39.4733998412229,0,"Mobile",0,79.4293288545795
819,20.3,0,"Comedy",1,"sports",28.1356537535976,0,"PC",1,96.1304267404605
820,11.1,1,"Action",1,"celebrity",11.445632373172,0,"TV",0,75.6265430278998
821,22.3,0,"Comedy",1,"celebrity",37.0307779943851,1,"TV",1,92.7432246702467
822,15.1,1,"SciFi",1,"celebrity",27.8720151399099,1,"Mobile",0,83.3715269305734
823,22.3,1,"Action",1,"sports",10.2035662761819,0,"Tablet",1,88.3371100059313
824,17.4,0,"Action",1,"tech",21.94247127554,1,"TV",1,85.2006502367163
825,11.5,1,"Comedy",1,"celebrity",46.1737334799816,1,"Mobile",1,106.723878438368
826,25.9,1,"Action",1,"news",32.5582633864955,1,"Tablet",0,100.076469580905
827,26.1,1,"Action",1,"news",36.8004111840088,0,"TV",0,82.1702967029491
828,18.3,1,"Action",1,"celebrity",28.8804341531425,1,"Mobile",0,72.1282015833274
829,21.2,0,"Drama",1,"news",32.0517126824939,1,"Mobile",0,73.6364594553076
830,18.3,0,"Comedy",1,"politics",34.4154843858007,1,"Mobile",1,77.6213210307221
831,27.5,1,"SciFi",1,"celebrity",44.5981053561272,1,"Tablet",1,103.389171452959
832,26.7,1,"Action",1,"news",43.576746163048,0,"Tablet",0,97.4712913757188
833,23.1,1,"Romance",1,"sports",33.0635904307313,0,"PC",0,90.0639704568875
834,23.8,0,"Comedy",1,"sports",38.2219791595712,0,"PC",0,100.429052704254
835,16.9,0,"Drama",1,"politics",48.9589933514106,0,"PC",0,71.3223188943035
836,16.4,0,"Comedy",1,"politics",28.3239365865384,0,"Mobile",1,88.3883246097565
837,23.8,1,"SciFi",1,"tech",19.5382095301341,0,"Mobile",0,59.3364925534472
838,23.3,0,"Drama",1,"celebrity",31.4800765199366,0,"Mobile",1,108.876305055032
839,22,1,"Action",1,"politics",24.9453576047944,0,"Mobile",0,57.7955434128776
840,12.8,0,"Action",1,"sports",33.431657863033,0,"PC",0,87.6425408557117
841,22.5,1,"Comedy",1,"celebrity",42.2400033999441,0,"PC",1,116.764298829305
842,24,0,"Drama",1,"sports",16.7900719059664,1,"PC",1,101.527700927101
843,26.6,0,"Drama",1,"celebrity",36.1228427861031,0,"TV",1,97.1143400915653
844,14.4,0,"Comedy",0,"celebrity",33.6059197667122,1,"Tablet",1,69.8690684838905
845,21.4,1,"Drama",1,"sports",29.4891116613426,1,"PC",1,110.973972575034
846,15.3,0,"Comedy",0,"celebrity",25.870819721675,1,"Tablet",0,66.7550422257026
847,19.5,0,"Comedy",1,"politics",23.6157284884093,0,"PC",1,94.029231188476
848,28.1,0,"Action",1,"news",28.7724506315458,1,"PC",1,102.79044971516
849,12.9,0,"Action",1,"tech",35.9125418173493,1,"Tablet",1,89.5851691308392
850,17.5,0,"Comedy",1,"politics",28.5197057875934,1,"Mobile",1,85.4713316528978
851,24.4,0,"Comedy",1,"celebrity",46.8383280907816,0,"Mobile",0,86.7632246649124
852,23.6,0,"Comedy",1,"sports",49.1259091431152,0,"TV",0,78.4255768070113
853,12.5,0,"Action",1,"celebrity",29.2674734896883,0,"Mobile",1,81.3661996866001
854,14.1,0,"SciFi",1,"news",22.116719495292,0,"PC",0,80.1068961660722
855,20.2,1,"Action",1,"tech",42.3532758469528,1,"PC",1,112.803541749717
856,23.9,0,"Romance",1,"celebrity",45.5789746187592,1,"TV",1,101.107633520994
857,15.2,0,"Comedy",1,"sports",35.1438214746179,0,"TV",0,96.7160154703535
858,20.1,0,"Action",1,"tech",35.787267472411,1,"PC",1,82.6754853730297
859,23.1,0,"SciFi",1,"sports",15.7704987369075,0,"PC",0,100.722470805656
860,19.5,1,"Drama",1,"celebrity",40.7264179705254,0,"PC",1,122.062727573656
861,15.5,0,"Action",1,"celebrity",25.8083802848105,0,"TV",0,83.7883336168306
862,22.1,1,"Romance",0,"sports",39.4054318657272,0,"Tablet",1,97.9474716101314
863,19.4,1,"Drama",1,"celebrity",39.1214361322457,1,"Mobile",1,102.045972241577
864,20.3,1,"Drama",1,"celebrity",45.9732991280007,0,"TV",0,89.9975619954007
865,13.6,1,"Comedy",1,"celebrity",28.6907218475576,1,"Tablet",0,91.5615884191196
866,14.8,0,"Action",1,"news",30.9695002472042,0,"TV",1,101.507203595655
867,25.9,1,"Comedy",1,"sports",33.5942296665562,0,"Mobile",1,97.3579217335167
868,13.6,0,"Drama",1,"news",8.41958524787893,0,"Mobile",0,81.4283608348201
869,10.8,1,"SciFi",1,"celebrity",40.2847754146945,0,"TV",1,108.622280432822
870,20.5,0,"Comedy",1,"sports",32.9323302344117,0,"Tablet",0,75.1379190571107
871,13.2,0,"Drama",1,"news",8.33066759879418,0,"Mobile",0,70.700785189234
872,20.9,0,"SciFi",1,"celebrity",21.6376969020313,1,"PC",1,80.0600135253327
873,21.8,1,"Comedy",1,"celebrity",21.1732962444028,1,"Mobile",1,111.299251453931
874,15.5,0,"Romance",1,"sports",14.3779746754456,0,"Tablet",1,78.7287885228972
875,20.4,1,"Comedy",1,"politics",30.1902995506514,0,"Mobile",1,108.434786268615
876,23.4,0,"Action",1,"politics",22.5209218263844,1,"Tablet",1,84.1919083319735
877,17,0,"Action",1,"celebrity",32.7729893227517,0,"Tablet",0,73.3436055094242
878,23.8,0,"Comedy",1,"politics",20.5232033145033,0,"TV",0,60.7329499939281
879,29.9,1,"SciFi",1,"tech",46.7463025283345,0,"Mobile",1,85.0674548133841
880,22.8,0,"Action",0,"politics",28.778874000009,1,"TV",1,62.2968377029618
881,20.4,0,"Action",1,"sports",29.1879425851187,0,"Tablet",0,69.3742915624226
882,19.9,1,"SciFi",1,"sports",34.865814877518,1,"PC",0,95.2631586697743
883,14.7,0,"Comedy",1,"sports",42.4522617923751,0,"Mobile",0,94.4242323623769
884,20.8,1,"Comedy",1,"sports",43.0820991440379,0,"TV",0,90.4327237943711
885,18.8,0,"Comedy",1,"sports",47.216039322298,1,"Mobile",1,106.677118637696
886,22.5,0,"SciFi",1,"politics",26.5391756757381,0,"Mobile",0,80.054074674111
887,25,0,"Romance",1,"sports",23.1145629806495,0,"Mobile",0,79.5181574188786
888,17.7,1,"Comedy",1,"celebrity",17.6178214171908,0,"Mobile",0,78.0424858068185
889,21.1,1,"Drama",1,"news",30.0280042677575,1,"Mobile",0,87.2384197219267
890,18.5,1,"SciFi",1,"sports",32.3442344420846,1,"PC",0,94.4800684427544
891,17.8,1,"Comedy",1,"politics",48.3405254768449,1,"TV",1,104.126014415642
892,17,0,"SciFi",1,"sports",40.477081271161,0,"TV",1,91.0844227094268
893,23.6,0,"Drama",1,"celebrity",32.728479671873,1,"PC",0,75.232770969492
894,14.4,0,"Drama",0,"celebrity",10.0139913402309,0,"Tablet",0,68.33967153246
895,27,1,"SciFi",1,"sports",19.9095476603603,1,"Mobile",1,101.709701083332
896,26.9,0,"Action",1,"news",47.3795236379807,1,"PC",1,94.6435424010046
897,21.8,0,"Drama",1,"celebrity",25.5828315793466,0,"Tablet",0,75.5319590009961
898,19.3,0,"Action",1,"sports",36.7426697307006,1,"TV",1,98.6558836881845
899,19.9,0,"SciFi",1,"sports",26.269090120377,0,"Mobile",0,73.6640071406492
900,13.3,0,"Comedy",1,"celebrity",19.7334583940278,0,"Tablet",0,72.0159416983807
901,19,0,"SciFi",1,"sports",25.6767873132837,0,"Tablet",1,83.5747028325214
902,14.9,1,"Comedy",1,"sports",30.0319021948149,0,"TV",0,101.847973985633
903,22,0,"Comedy",1,"celebrity",26.9983723949954,0,"Tablet",1,82.714827602544
904,26,1,"Comedy",1,"politics",28.76715055101,1,"Mobile",0,89.7647256043015
905,16.3,0,"SciFi",1,"sports",20.9715143545852,1,"PC",1,102.99794375827
906,20.1,0,"Drama",1,"sports",20.5889976552071,0,"Tablet",0,79.0581137258076
907,16.9,1,"Drama",1,"sports",27.7215485312956,1,"Mobile",1,100.86553601549
908,25.2,1,"Drama",1,"politics",28.5904394774299,1,"Mobile",1,106.584860788796
909,20.9,0,"SciFi",0,"news",24.2016970022883,0,"PC",0,86.1937121351008
910,22,0,"Action",1,"sports",34.1801686989716,0,"Mobile",0,88.2443997615152
911,22.4,1,"Action",1,"celebrity",35.366422953122,0,"Mobile",1,109.779684860139
912,15.9,1,"Drama",0,"politics",38.9039905948236,1,"TV",1,105.228159057715
913,15.4,0,"Comedy",1,"politics",28.0416560320582,1,"Mobile",1,78.3899801880303
914,17.1,1,"Action",1,"politics",42.4518665527943,0,"TV",0,86.9091188135152
915,19,1,"SciFi",1,"tech",30.3114012820203,0,"Tablet",0,73.3747689244314
916,20.6,1,"Comedy",1,"news",24.8904298821531,0,"PC",0,91.3271915199082
917,19.9,1,"Comedy",0,"celebrity",27.2429861395853,0,"Tablet",1,92.429719586748
918,19,1,"Action",1,"celebrity",41.2628598824456,0,"TV",0,74.4844954277879
919,16.2,1,"Action",1,"sports",22.3779565749131,0,"Mobile",0,81.4451827609743
920,21.6,1,"Drama",1,"celebrity",19.450110206712,1,"PC",1,86.9402993540314
921,21.4,1,"Comedy",1,"tech",24.7605961707022,1,"Tablet",1,83.147813387825
922,19.8,0,"Action",1,"celebrity",37.6218256625357,0,"Mobile",1,98.6757882131696
923,19.3,0,"Drama",1,"sports",31.8999137584273,0,"PC",0,99.2306428217536
924,21.9,0,"SciFi",1,"celebrity",35.5672021461542,0,"PC",1,87.1823533778147
925,19,1,"Comedy",1,"sports",29.483447870711,0,"Mobile",1,92.8115486956911
926,17,1,"Comedy",1,"celebrity",39.7406425662047,1,"Tablet",0,82.1479271929695
927,9.3,1,"Action",1,"news",32.2191774858605,0,"PC",0,98.7723764681453
928,17.6,1,"Action",1,"celebrity",23.0448576461449,1,"TV",1,100.920115563732
929,20.7,0,"Drama",1,"tech",33.9492282460695,1,"TV",1,74.952824312334
930,19.4,1,"Action",1,"politics",16.0388024100458,1,"Mobile",0,61.3103637169162
931,24.5,0,"SciFi",1,"sports",29.5521332582276,1,"Mobile",1,85.0800234029461
932,27.6,1,"Action",1,"politics",32.578516374246,0,"PC",0,76.1021984833512
933,18.5,1,"Drama",1,"sports",24.4800104040346,0,"Mobile",0,92.2421478561237
934,24.1,0,"Drama",1,"celebrity",23.7102218497302,0,"TV",1,97.5089130393127
935,21.6,1,"Action",1,"tech",32.859506942741,0,"Tablet",1,103.726304450224
936,21.9,1,"Drama",1,"politics",28.1844893325493,0,"Mobile",0,73.6644128634604
937,20.2,0,"Romance",1,"celebrity",25.0003522877037,0,"Mobile",0,85.0347706471812
938,18.3,0,"Comedy",1,"sports",12.0200577373033,0,"TV",0,87.2982781252148
939,24.3,1,"Drama",1,"tech",45.54772882737,1,"Mobile",1,79.800931057455
940,14.1,1,"Drama",1,"politics",29.0875085889873,0,"TV",0,77.8139655884746
941,23.4,1,"Action",1,"tech",15.1502352575765,1,"Tablet",0,80.8346894524752
942,21.1,1,"Romance",1,"celebrity",34.9981894910976,0,"Mobile",0,92.1850288988272
943,19.3,0,"Action",1,"politics",24.4449642246683,1,"Mobile",1,95.9640938812331
944,21.5,1,"Action",1,"celebrity",28.6084607705538,0,"Tablet",0,84.6061979175876
945,24.2,0,"SciFi",0,"celebrity",31.2197284614368,1,"Tablet",1,102.503842795594
946,21,1,"Action",1,"sports",39.2211846477785,0,"TV",0,81.7887629883641
947,22,0,"Romance",1,"sports",48.3429525936344,0,"Tablet",1,103.96863538189
948,18.4,1,"Romance",1,"celebrity",48.2974544786244,0,"PC",0,77.7803672250061
949,23.5,0,"Romance",1,"tech",16.4407738070341,1,"Mobile",1,69.5217552814175
950,23.7,0,"Comedy",0,"politics",11.4547802966166,0,"Mobile",0,48.9965704976232
951,23.2,0,"Romance",1,"sports",27.5145852600167,0,"PC",0,84.2325704468864
952,7.4,0,"Comedy",1,"politics",30.2693740471311,0,"PC",1,88.7956277662899
953,9.5,1,"Comedy",1,"sports",24.5623009414648,0,"TV",0,91.4581024213009
954,30.5,1,"SciFi",1,"sports",39.6148648160385,0,"PC",1,95.8978753224773
955,15.6,0,"Action",1,"celebrity",23.6049724992075,1,"PC",1,95.6134354553714
956,21.6,0,"Drama",1,"sports",17.8734605401706,1,"PC",0,86.3375678836966
957,21.9,0,"Romance",1,"news",40.4153835380313,1,"TV",1,101.527792892958
958,17.1,0,"Comedy",0,"celebrity",37.3002540016369,1,"Mobile",1,83.3166365119212
959,9.6,0,"Comedy",1,"sports",25.7995071174752,0,"PC",1,94.8511173658789
960,16.7,1,"SciFi",1,"sports",22.975455408908,1,"PC",0,98.1204678474959
961,18.4,1,"SciFi",1,"sports",32.6375228680652,0,"PC",1,111.704645237561
962,22.1,0,"Comedy",1,"celebrity",22.3099379475939,0,"TV",1,90.9447515240663
963,23.3,1,"SciFi",1,"tech",22.5735051936213,1,"Tablet",1,86.5337118323605
964,23,0,"Comedy",1,"celebrity",40.7431878643978,1,"Tablet",1,124.403556506295
965,21.3,0,"Drama",1,"celebrity",20.2364547398052,0,"Mobile",1,99.1968661369016
966,22.3,1,"Action",1,"sports",3.1765830803035,0,"PC",0,71.2045760351553
967,16.9,1,"Comedy",1,"sports",42.6522148266669,0,"PC",1,94.1462459551353
968,13.8,1,"Comedy",1,"politics",23.1963239978789,0,"Tablet",0,64.6627393324605
969,11,0,"Drama",1,"celebrity",30.1881018285572,0,"Tablet",0,62.3925428098523
970,17.6,1,"Comedy",1,"politics",29.5736624905335,1,"Mobile",1,87.9377159623809
971,18.2,1,"Comedy",1,"celebrity",31.0031883573211,0,"Mobile",0,79.0040873516502
972,22.2,1,"SciFi",0,"sports",29.9218250160601,0,"PC",0,91.5807280451968
973,26.2,1,"Action",1,"celebrity",25.8964738593895,1,"Tablet",1,105.579820219033
974,24.5,1,"Action",1,"sports",36.8326715622602,1,"TV",1,93.2060062124985
975,17.7,0,"Drama",1,"politics",4.15808832617272,1,"PC",0,64.9101304252425
976,17.6,1,"Romance",1,"celebrity",25.3065150471095,1,"Mobile",1,83.434845798222
977,21.9,0,"Action",1,"tech",12.5143199924752,0,"PC",0,62.3680635609051
978,20.6,1,"Comedy",1,"celebrity",40.8036629117092,1,"TV",1,84.5323889666736
979,28.3,1,"Romance",1,"news",32.6747258062826,0,"Mobile",0,78.6183295861742
980,25,1,"Action",1,"sports",24.1235897659567,0,"TV",0,79.1867279880425
981,24.1,1,"Romance",1,"tech",27.9896235252013,0,"TV",0,81.8397508113647
982,16,0,"SciFi",1,"celebrity",36.0422181438227,1,"TV",0,71.0345283978424
983,17.1,1,"Romance",1,"celebrity",34.2928773807643,0,"Tablet",1,83.2796472911292
984,21.8,0,"Drama",1,"sports",8.347025342035,0,"PC",0,84.6921521728026
985,25.5,1,"Action",1,"news",7.56251387647058,0,"PC",0,76.7555340158318
986,23.9,0,"Comedy",1,"politics",22.5788436735415,1,"PC",1,75.1118464970848
987,19.4,1,"Comedy",0,"sports",35.1903084972905,0,"TV",1,91.0188181119442
988,19.1,0,"Comedy",1,"sports",11.5077310228254,0,"Mobile",0,69.6869455216008
989,25,1,"Drama",1,"sports",37.1397964049716,1,"Mobile",1,100.626600298606
990,14.6,0,"Romance",1,"sports",28.2315841400903,0,"PC",0,85.8094630365616
991,24.3,0,"SciFi",1,"sports",20.1252924353461,0,"PC",0,76.1745953450356
992,25.8,1,"SciFi",1,"sports",39.3832858948017,0,"TV",0,83.070674629609
993,20.6,1,"Action",1,"news",32.4156855008541,1,"PC",0,86.9661862186984
994,13.7,1,"Comedy",1,"sports",35.3430828744762,0,"TV",0,83.9773623453396
995,19.6,0,"Drama",1,"sports",24.6130468765645,1,"PC",1,80.9278533199792
996,15.9,1,"Drama",1,"celebrity",40.6654737369871,1,"Mobile",1,107.900103099265
997,21.2,0,"Comedy",1,"celebrity",38.1853056695305,1,"PC",1,90.5611651670993
998,17.8,1,"Comedy",1,"politics",42.4765170592445,0,"Mobile",1,85.2849270079123
999,24.6,1,"Drama",1,"celebrity",32.7408987935255,0,"Tablet",1,102.241879047558
1000,20.8,1,"Action",1,"celebrity",14.4373942938166,0,"Tablet",0,82.5190883473592
